rowid,permanent_identifier,comid,resolution,gnis_id,gnis_name,area_sq_km,reachcode,ftype,fcode,vpuid,data_group,dist_m,location_type,Station,Description,Channel,Slope,notes,dist_to_shore,Latitude,Longitude
1,128076560,23001900235323,2,NA,NA,0.034,10190007014581,390,39004,1019,CLP,75.32770696458583,poi_center,NA,NA,NA,NA,NA,NA,40.443824852303365,-104.71408766417633
2,128075647,23001900234085,2,NA,NA,0.024,10190007002317,390,39004,1019,CLP,70.62538546718577,poi_center,NA,NA,NA,NA,NA,NA,40.71220636594908,-105.0625884893857
3,128075906,23001900234917,2,NA,NA,0.015000000000000001,10190007014142,390,39004,1019,CLP,33.09436478033308,poi_center,NA,NA,NA,NA,NA,NA,40.63374914876546,-105.17177164439487
4,128076260,23001900234491,2,NA,NA,0.041,10190007002477,390,39004,1019,CLP,85.35122477615896,poi_center,NA,NA,NA,NA,NA,NA,40.56279326588654,-104.97308776816142
5,128076320,23001900234492,2,NA,NA,0.012,10190007002504,390,39004,1019,CLP,39.05165249440541,poi_center,NA,NA,NA,NA,NA,NA,40.55655507329413,-104.80168785873067
6,128075841,23001900234916,2,00199735,Windsor Reservoir Number 8,1.562,10190007002371,390,39009,1019,CLP,533.4302748836111,poi_center,NA,NA,NA,NA,NA,NA,40.6598846354288,-105.04784202918835
7,128075982,23001900233241,2,NA,NA,0.023,10190007002401,390,39001,1019,CLP,69.97345399787466,poi_center,NA,NA,NA,NA,NA,NA,40.628154463328976,-104.96822300799406
8,128076295,23001900234928,2,NA,NA,0.011000000000000001,10190007013231,436,43612,1019,CLP,41.73833749226863,poi_center,NA,NA,NA,NA,NA,NA,40.55081253311832,-105.00715767968492
9,128075210,23001900233659,2,00201623,Mountain Supply Reservoir Number 1,0.132,10190007002623,390,39001,1019,CLP,167.8763955759529,poi_center,NA,NA,NA,NA,NA,NA,40.909792784873424,-105.04679735580363
10,128075265,23001900233660,2,NA,NA,0.014,10190007002226,390,39001,1019,CLP,54.87199814654935,poi_center,NA,NA,NA,NA,NA,NA,40.84468086739693,-105.51042185551543
11,128076479,23001900237053,2,NA,NA,0.14600000000000002,10190007002561,390,39004,1019,CLP,189.5861008430548,poi_center,NA,NA,NA,NA,NA,NA,40.493106144528056,-105.02555265162155
12,128075514,23001900233236,2,NA,NA,0.036000000000000004,10190007002280,390,39001,1019,CLP,81.31107847501016,poi_center,NA,NA,NA,NA,NA,NA,40.75923801652674,-105.04895772131505
13,128076082,23001900234920,2,00201279,Pennock Creek Reservoir,0.07300000000000001,10190007002431,390,39004,1019,CLP,80.03731840735759,poi_center,NA,NA,NA,NA,NA,NA,40.56112542675761,-105.58033985597409
14,128076188,23001900233243,2,NA,NA,0.013000000000000001,10190007002458,390,39004,1019,CLP,45.42852597969883,poi_center,NA,NA,NA,NA,NA,NA,40.57152611795456,-105.03443977748142
15,128076255,23001900233244,2,NA,NA,0.021,10190007002474,390,39009,1019,CLP,55.87711389453464,poi_center,NA,NA,NA,NA,NA,NA,40.571991414473615,-104.85004313400223
16,128076366,23001900233245,2,NA,NA,0.013000000000000001,10190007014465,390,39004,1019,CLP,43.073260476875674,poi_center,NA,NA,NA,NA,NA,NA,40.528008493250766,-105.0445977243161
17,128076411,23001900233246,2,NA,NA,0.014,10190007014500,390,39004,1019,CLP,44.52848598360952,poi_center,NA,NA,NA,NA,NA,NA,40.469029191862134,-105.68778839241567
18,128074946,23001900235301,2,NA,NA,0.033,10190007002216,390,39004,1019,CLP,55.114396012246075,poi_center,NA,NA,NA,NA,NA,NA,41.03367034991102,-105.28846587658379
19,128076414,23001900234929,2,00180532,Schneider Lake,0.033,10190007002532,390,39004,1019,CLP,58.786002937311366,poi_center,NA,NA,NA,NA,NA,NA,40.5286709755267,-104.82867171736535
20,128076060,23001900234087,2,NA,NA,0.066,10190007014254,390,39004,1019,CLP,117.11131956786414,poi_center,NA,NA,NA,NA,NA,NA,40.60347074013376,-105.10202558802325
21,128076280,23001900234089,2,00180500,Smith Reservoir,0.07100000000000001,10190007002485,436,43613,1019,CLP,142.64608943101584,poi_center,NA,NA,NA,NA,NA,NA,40.560096372205344,-104.9305036343745
22,128076358,23001900234092,2,00180524,King Lake,0.032,10190007002519,390,39004,1019,CLP,51.83588530642425,poi_center,NA,NA,NA,NA,NA,NA,40.54443514292584,-104.80713952286456
23,128075214,23001900237035,2,NA,NA,0.03,10190007013631,390,39001,1019,CLP,72.59720079555078,poi_center,NA,NA,NA,NA,NA,NA,40.8757628458714,-105.4830583608023
24,128075533,23001900237040,2,NA,NA,0.043000000000000003,10190007013884,390,39001,1019,CLP,63.70763664809853,poi_center,NA,NA,NA,NA,NA,NA,40.74784586065236,-105.10111975728788
25,128075878,23001900237044,2,NA,NA,0.052000000000000005,10190007014123,390,39004,1019,CLP,91.79747160678603,poi_center,NA,NA,NA,NA,NA,NA,40.65569803085329,-104.97061437929261
26,128076300,23001900237049,2,NA,NA,0.01,10190007013234,436,43612,1019,CLP,30.186409263578916,poi_center,NA,NA,NA,NA,NA,NA,40.549342540931065,-105.00661679104994
27,128075474,23001900235306,2,00201009,Box Elder Reservoir Number 5,0.024,10190007002269,390,39004,1019,CLP,65.30716890959448,poi_center,NA,NA,NA,NA,NA,NA,40.78423830902512,-105.04960213381544
28,128076368,23001900232829,2,NA,NA,0.018000000000000002,10190007002518,390,39004,1019,CLP,63.63799139420749,poi_center,NA,NA,NA,NA,NA,NA,40.5318900673226,-104.98986963711451
29,128075751,23001900232822,2,00199707,North Poudre Reservoir Number 6,1.9380000000000002,10190007002361,390,39009,1019,CLP,349.52499083607654,poi_center,NA,NA,NA,NA,NA,NA,40.67371690787695,-105.0263134464726
30,128075757,23001900232823,2,NA,NA,0.016,10190007002345,390,39001,1019,CLP,44.450360639663366,poi_center,NA,NA,NA,NA,NA,NA,40.68138109457878,-105.05656284611696
31,128075815,23001900232825,2,NA,NA,0.03,10190007002364,390,39001,1019,CLP,66.59715259781906,poi_center,NA,NA,NA,NA,NA,NA,40.66261901980147,-105.07892786446453
32,128075537,23001900233665,2,00198459,Wasson Reservoir,0.108,10190007002286,390,39009,1019,CLP,145.19695661733374,poi_center,NA,NA,NA,NA,NA,NA,40.75154860012667,-105.05031071450891
33,128075738,23001900233668,2,NA,NA,0.026000000000000002,10190007002337,436,43613,1019,CLP,46.83168007070151,poi_center,NA,NA,NA,NA,NA,NA,40.69365206424064,-104.9759234745151
34,128076031,23001900233672,2,00177275,Trap Lake,0.042,10190007002417,390,39004,1019,CLP,62.46183740121183,poi_center,NA,NA,NA,NA,NA,NA,40.55756248083263,-105.81530410691059
35,128076263,23001900233673,2,00177429,Williams Lake,0.08700000000000001,10190007002483,390,39004,1019,CLP,131.42889437798001,poi_center,NA,NA,NA,NA,NA,NA,40.5537450637304,-105.05630779567716
36,128075612,23001900235309,2,NA,NA,0.035,10190007002309,390,39004,1019,CLP,70.10496512340961,poi_center,NA,NA,NA,NA,NA,NA,40.72858117363377,-104.98473092108638
37,128076120,23001900235318,2,NA,NA,0.03,10190007002442,390,39001,1019,CLP,85.34931814030648,poi_center,NA,NA,NA,NA,NA,NA,40.59027689151803,-105.0247325130602
38,128076339,23001900235320,2,NA,NA,0.033,10190007002511,390,39004,1019,CLP,81.53762622761276,poi_center,NA,NA,NA,NA,NA,NA,40.53676032328839,-104.99661995235431
39,128075384,23001900235751,2,NA,NA,0.018000000000000002,10190007002629,390,39001,1019,CLP,43.90643456892212,poi_center,NA,NA,NA,NA,NA,NA,40.82554285166274,-105.0342162508105
40,128076480,23001900232831,2,NA,NA,0.01,10190007014541,390,39004,1019,CLP,37.90770829914836,poi_center,NA,NA,NA,NA,NA,NA,40.506168291124055,-104.83159811784819
41,128076567,23001900232832,2,NA,NA,0.013000000000000001,10190007002600,390,39004,1019,CLP,47.97357734887967,poi_center,NA,NA,NA,NA,NA,NA,40.44160823002027,-104.71662357807648
42,128075859,23001900233302,2,00177279,Barnes Meadow Reservoir,0.404,10190007002370,390,39004,1019,"CLP, ROSS_CLP",224.62696246262547,poi_center,NA,NA,NA,NA,NA,NA,40.5981033177331,-105.83264055622574
43,128076584,23001900233678,2,NA,NA,0.032,10190007002604,390,39001,1019,CLP,69.034042439763,poi_center,NA,NA,NA,NA,NA,NA,40.42976516197932,-104.60865281269474
44,128075223,23001900234901,2,00170212,Creedmoore Lakes,0.022000000000000002,10190007002221,390,39004,1019,CLP,71.48076435486783,poi_center,NA,NA,NA,NA,NA,NA,40.862504338066486,-105.58618767404592
45,128075548,23001900235754,2,NA,NA,0.032,10190007002288,390,39001,1019,CLP,83.92673419778917,poi_center,NA,NA,NA,NA,NA,NA,40.74996454473654,-105.0389943310984
46,128076284,23001900235768,2,NA,NA,0.011000000000000001,10190007014409,390,39001,1019,CLP,46.01121108568137,poi_center,NA,NA,NA,NA,NA,NA,40.57358879697155,-104.73362091856431
47,128074892,23001900235736,2,NA,NA,0.029,10190007002209,390,39004,1019,CLP,61.390057756831524,poi_center,NA,NA,NA,NA,NA,NA,41.08369712927389,-105.42218315202282
48,128076180,23001900235764,2,NA,NA,0.062,10190007014334,390,39004,1019,CLP,102.15495418520659,poi_center,NA,NA,NA,NA,NA,NA,40.5741461847972,-105.03658689561125
49,128076181,23001900235765,2,00180508,Kitchel Lake,0.201,10190007002460,390,39004,1019,CLP,164.78437185714162,poi_center,NA,NA,NA,NA,NA,NA,40.57441686675361,-104.97131793953804
50,128075848,23001900232881,2,00198413,Chambers Lake,0.98574753,10190007025486,390,39009,1019,"CLP, ROSS_CLP",341.46354566522183,poi_center,NA,NA,NA,NA,NA,NA,40.60358410649074,-105.85318276071322
51,128075584,23001900234487,2,NA,NA,0.015000000000000001,10190007002299,390,39001,1019,CLP,52.54574816224657,poi_center,NA,NA,NA,NA,NA,NA,40.742141103621,-104.95028343302954
52,128075780,23001900234489,2,NA,NA,0.02,10190007002354,390,39001,1019,CLP,53.23872270314919,poi_center,NA,NA,NA,NA,NA,NA,40.675017181808244,-105.05708242851237
53,128075417,23001900255007,2,NA,NA,0.013000000000000001,10190007002259,390,39001,1019,CLP,56.04686706729703,poi_center,NA,NA,NA,NA,NA,NA,40.77517005917435,-105.57264567511179
54,128075660,23001900256676,2,00201221,Mountain Supply Reservoir Number 8,0.10200000000000001,10190007002320,390,39004,1019,CLP,137.90360578628793,poi_center,NA,NA,NA,NA,NA,NA,40.7097613794431,-105.06212149822454
55,128075991,23001900258395,2,NA,NA,0.023,10190007014207,390,39004,1019,CLP,38.74682671849402,poi_center,NA,NA,NA,NA,NA,NA,40.61431336954425,-105.1245310914327
56,128076313,23001900258397,2,NA,NA,0.07,10190007002502,390,39004,1019,CLP,107.10058705944871,poi_center,NA,NA,NA,NA,NA,NA,40.55933173167111,-104.78086413228141
57,128075572,23001900258387,2,NA,NA,0.051000000000000004,10190007002295,390,39001,1019,CLP,92.22783028029731,poi_center,NA,NA,NA,NA,NA,NA,40.73864807699762,-105.0900396598925
58,128076296,23001900256688,2,00201289,Wykert Number 4 Reservoir,0.022000000000000002,10190007002498,390,39004,1019,CLP,49.0334491737151,poi_center,NA,NA,NA,NA,NA,NA,40.56351276411553,-104.79670738988378
59,128076343,23001900256690,2,NA,NA,0.02,10190007002512,390,39004,1019,CLP,57.55325358271667,poi_center,NA,NA,NA,NA,NA,NA,40.534917991176094,-104.99920313792083
60,128076484,23001900256691,2,NA,NA,0.07,10190007002563,390,39004,1019,CLP,132.61782787401765,poi_center,NA,NA,NA,NA,NA,NA,40.50432433527669,-104.80013756235314
61,128075219,23001900250797,2,00170212,Creedmoore Lakes,0.042,10190007002220,390,39004,1019,CLP,89.56077605179148,poi_center,NA,NA,NA,NA,NA,NA,40.864051517891824,-105.57984684884345
62,128075274,23001900251225,2,00170213,Lost Lake,0.024,10190007002227,390,39004,1019,CLP,66.58683735344981,poi_center,NA,NA,NA,NA,NA,NA,40.838732281467124,-105.53471928704639
63,128075473,23001900255009,2,00201301,Boxelder Reservoir Number Two,0.08,10190007002270,390,39009,1019,CLP,119.27534165333138,poi_center,NA,NA,NA,NA,NA,NA,40.783500418468876,-105.05681206270727
64,128076074,23001900255014,2,00177267,Zimmerman Lake,0.042,10190007025475,390,39009,1019,CLP,94.98154935819957,poi_center,NA,NA,NA,NA,NA,NA,40.54124721237532,-105.86904440745208
65,128076178,23001900255016,2,NA,NA,0.07200000000000001,10190007014332,390,39004,1019,CLP,125.01391108221124,poi_center,NA,NA,NA,NA,NA,NA,40.574225807950555,-105.04156999969169
66,128076267,23001900255017,2,NA,NA,0.033,10190007002480,390,39004,1019,CLP,90.7660580154024,poi_center,NA,NA,NA,NA,NA,NA,40.56314828712743,-104.92098095670605
67,128076563,23001900255020,2,NA,NA,0.025,10190007002599,390,39004,1019,CLP,71.5461355540467,poi_center,NA,NA,NA,NA,NA,NA,40.44186306322521,-104.71865400554107
68,128075390,23001900257556,2,NA,NA,0.012,10190007002254,390,39004,1019,CLP,40.736964628862395,poi_center,NA,NA,NA,NA,NA,NA,40.78552161850195,-105.5698987781046
69,128075415,23001900257558,2,NA,NA,0.013000000000000001,10190007013790,390,39001,1019,CLP,28.575481389960323,poi_center,NA,NA,NA,NA,NA,NA,40.817650763795626,-104.9930717472151
70,128075635,23001900257124,2,NA,NA,0.034,10190007002315,390,39001,1019,CLP,64.47902107104929,poi_center,NA,NA,NA,NA,NA,NA,40.71287155806959,-105.0674520392448
71,128075243,23001900256669,2,NA,NA,0.01,10190007013654,390,39004,1019,CLP,40.47188497001167,poi_center,NA,NA,NA,NA,NA,NA,40.89077629288273,-105.0867441074638
72,128075419,23001900256671,2,00170237,Bellaire Lake,0.035,10190007002258,390,39004,1019,CLP,85.93171234150037,poi_center,NA,NA,NA,NA,NA,NA,40.772110106645286,-105.61860227407035
73,128074904,23001900256663,2,NA,NA,0.01,10190007002210,390,39004,1019,CLP,40.1038955261937,poi_center,NA,NA,NA,NA,NA,NA,41.059420757987105,-105.40401279748599
74,128075797,23001900256679,2,00177198,Curtis Lake,0.555,10190007002363,390,39004,1019,CLP,268.8096197942625,poi_center,NA,NA,NA,NA,NA,NA,40.664930508201714,-105.13483861464853
75,128075868,23001900256680,2,NA,NA,0.035,10190007002376,390,39001,1019,CLP,74.73676471736832,poi_center,NA,NA,NA,NA,NA,NA,40.65877480375783,-104.96772107004935
76,128075957,23001900256681,2,00202440,Terry Lake,1.846,10190007002395,390,39009,1019,CLP,376.9705750743621,poi_center,NA,NA,NA,NA,NA,NA,40.622365234469505,-105.07785878556237
77,128076191,23001900256684,2,NA,NA,0.013000000000000001,10190007014343,390,39004,1019,CLP,52.16995923860483,poi_center,NA,NA,NA,NA,NA,NA,40.570639035746204,-105.03833296127931
78,128076251,23001900256686,2,NA,NA,0.012,10190007014392,390,39004,1019,CLP,36.479024772367154,poi_center,NA,NA,NA,NA,NA,NA,40.56030717391378,-105.01922047306992
79,128075782,23001900257127,2,NA,NA,0.164,10190007002351,390,39001,1019,CLP,177.52215172380295,poi_center,NA,NA,NA,NA,NA,NA,40.67484639811103,-105.05056364172707
80,128075806,23001900257128,2,NA,NA,0.05,10190007013213,436,43612,1019,CLP,74.16368942357958,poi_center,NA,NA,NA,NA,NA,NA,40.65908936203274,-105.20112738516234
81,128075905,23001900257130,2,NA,NA,0.051000000000000004,10190007002385,390,39001,1019,CLP,110.73504296620717,poi_center,NA,NA,NA,NA,NA,NA,40.64157151816477,-105.07064859495895
82,128075980,23001900257132,2,NA,NA,0.041,10190007014198,390,39004,1019,CLP,94.40807448446891,poi_center,NA,NA,NA,NA,NA,NA,40.61729269510961,-105.1238819139873
83,128076018,23001900245515,2,NA,NA,0.012,10190007014230,390,39004,1019,CLP,35.80771936614894,poi_center,NA,NA,NA,NA,NA,NA,40.61286525280651,-105.10969308186391
84,128076384,23001900245521,2,NA,NA,0.026000000000000002,10190007002523,390,39004,1019,CLP,72.20128933184232,poi_center,NA,NA,NA,NA,NA,NA,40.53245305108605,-104.91673010199668
85,128075344,23001900253777,2,00198427,Fox Acres Reservoir,0.015000000000000001,10190007002239,390,39004,1019,CLP,49.283879477973024,poi_center,NA,NA,NA,NA,NA,NA,40.80363658680408,-105.57434383587184
86,128075454,23001900253781,2,00198409,Box I Reservoir Number 1,0.10500000000000001,10190007002266,390,39004,1019,CLP,132.58938346438362,poi_center,NA,NA,NA,NA,NA,NA,40.79529060926864,-105.06536707561948
87,128075949,23001900253784,2,NA,NA,0.06,10190007002391,390,39001,1019,CLP,91.02445183876657,poi_center,NA,NA,NA,NA,NA,NA,40.634209551502714,-105.05218519264137
88,128075754,23001900254209,2,NA,NA,0.024,10190007002343,390,39001,1019,CLP,59.762101946250134,poi_center,NA,NA,NA,NA,NA,NA,40.68010285021822,-105.08909200264803
89,128075774,23001900254211,2,NA,NA,0.101,10190007002347,390,39001,1019,CLP,127.96536155904764,poi_center,NA,NA,NA,NA,NA,NA,40.67018109991943,-105.12616347791482
90,128075849,23001900254213,2,NA,NA,0.01,10190007014100,390,39001,1019,CLP,25.299501119594947,poi_center,NA,NA,NA,NA,NA,NA,40.66239715059708,-104.97571911407792
91,128075427,23001900238321,2,NA,NA,0.014,10190007002262,390,39001,1019,CLP,49.47426997635055,poi_center,NA,NA,NA,NA,NA,NA,40.809401907388896,-105.03304314273936
92,128075700,23001900238324,2,00177221,Gilmore Lake,0.039,10190007002327,390,39004,1019,CLP,91.16834921966492,poi_center,NA,NA,NA,NA,NA,NA,40.695618259126725,-105.11731500166874
93,128075879,23001900238329,2,NA,NA,0.03,10190007014122,390,39004,1019,CLP,86.6331359148569,poi_center,NA,NA,NA,NA,NA,NA,40.64402793666336,-105.14271805446535
94,128075308,23001900249970,2,NA,NA,0.01,10190007002235,390,39004,1019,CLP,39.11706955035661,poi_center,NA,NA,NA,NA,NA,NA,40.8120259266831,-105.63332219449198
95,128076502,23001900253354,2,00177732,Mud Lake,0.08700000000000001,10190007002572,390,39004,1019,CLP,134.50877550676006,poi_center,NA,NA,NA,NA,NA,NA,40.47100898809589,-105.03000913659774
96,128075539,23001900253339,2,NA,NA,0.013000000000000001,10190007013887,390,39004,1019,CLP,49.03765846239942,poi_center,NA,NA,NA,NA,NA,NA,40.70263793479813,-105.71729072474659
97,128075540,23001900253340,2,NA,NA,0.025,10190007002289,390,39001,1019,CLP,50.81433664575009,poi_center,NA,NA,NA,NA,NA,NA,40.75398203629867,-105.0081195676192
98,128075636,23001900253343,2,NA,NA,0.032,10190007002314,390,39001,1019,CLP,55.04897120905655,poi_center,NA,NA,NA,NA,NA,NA,40.71585911520342,-105.04367667165313
99,128076008,23001900253348,2,NA,NA,0.035,10190007002408,390,39004,1019,CLP,83.09740252738634,poi_center,NA,NA,NA,NA,NA,NA,40.61299591588005,-105.11615456209869
100,128076030,23001900250864,2,00177274,Peterson Lake,0.155,10190007002416,390,39009,1019,"CLP, ROSS_CLP",106.53289702962962,poi_center,NA,NA,NA,NA,NA,NA,40.556977347370285,-105.79037961379649
101,128076352,23001900257140,2,NA,NA,0.033,10190007002515,390,39004,1019,CLP,77.78727791406031,poi_center,NA,NA,NA,NA,NA,NA,40.53298982482092,-104.99721285475299
102,128075061,23001900256740,2,00170097,Eaton Reservoir,0.42100000000000004,10190007002217,390,39009,1019,CLP,187.45735988454786,poi_center,NA,NA,NA,NA,NA,NA,40.94260502864568,-105.71611133820441
103,128075335,23001900247190,2,00201599,Fox Acres Number 2 Reservoir,0.016,10190007002237,390,39004,1019,CLP,51.521204339885,poi_center,NA,NA,NA,NA,NA,NA,40.80527793399449,-105.5721776743607
104,128075382,23001900249972,2,NA,NA,0.013000000000000001,10190007002252,390,39004,1019,CLP,46.835398098656825,poi_center,NA,NA,NA,NA,NA,NA,40.78656363617017,-105.58828894852176
105,128075828,23001900247200,2,NA,NA,0.015000000000000001,10190007025470,390,39004,1019,CLP,52.96453804680221,poi_center,NA,NA,NA,NA,NA,NA,40.5976730978834,-105.91642841783306
106,128075805,23001900240452,2,NA,NA,0.067,10190007013212,436,43612,1019,CLP,96.22430713957185,poi_center,NA,NA,NA,NA,NA,NA,40.6588673603891,-105.19647866515733
107,128076335,23001900259274,2,00177427,Warren Lake,0.5730000000000001,10190007002513,390,39009,1019,CLP,301.83589787736395,poi_center,NA,NA,NA,NA,NA,NA,40.5324874829445,-105.05897152986766
108,128076646,23001900259276,2,NA,NA,0.023,10190007002618,390,39004,1019,CLP,66.55926251466774,poi_center,NA,NA,NA,NA,NA,NA,40.395880906567946,-104.82797655031717
109,128076067,23001900258845,2,NA,NA,0.027,10190007002429,390,39004,1019,CLP,58.18829578784224,poi_center,NA,NA,NA,NA,NA,NA,40.602170087135846,-105.08987981268857
110,128076145,23001900258847,2,NA,NA,0.067,10190007002444,390,39004,1019,CLP,81.1628726680411,poi_center,NA,NA,NA,NA,NA,NA,40.597116325015165,-104.87180979777979
111,128076542,23001900253356,2,NA,NA,0.02,10190007014570,390,39004,1019,CLP,56.61502367814209,poi_center,NA,NA,NA,NA,NA,NA,40.438913048002405,-104.87320400965004
112,128076548,23001900253357,2,NA,NA,0.08600000000000001,10190007002592,390,39004,1019,CLP,102.23938687896197,poi_center,NA,NA,NA,NA,NA,NA,40.447156416373566,-104.71356824252203
113,128075569,23001900258837,2,00201977,Clark Reservoir,0.745,10190007002290,390,39001,1019,CLP,216.44039782727927,poi_center,NA,NA,NA,NA,NA,NA,40.737884613982686,-104.98347952010477
114,128075607,23001900258839,2,NA,NA,0.011000000000000001,10190007013930,390,39004,1019,CLP,23.247944689893696,poi_center,NA,NA,NA,NA,NA,NA,40.72028778016297,-105.10080489609553
115,128076309,23001900243434,2,00177612,Hazeline Lake,0.014,10190007002500,390,39004,1019,CLP,45.73750074861422,poi_center,NA,NA,NA,NA,NA,NA,40.49399231859892,-105.70385944387986
116,128074912,23001900252070,2,01595804,Twin Mountains Lake,0.081,10190007002213,390,39004,1019,CLP,106.36357086434988,poi_center,NA,NA,NA,NA,NA,NA,41.046508963221385,-105.28387992719591
117,128076512,23001900256290,2,00180598,Neff Lake,0.17600000000000002,10190007002576,390,39004,1019,CLP,165.73616874991063,poi_center,NA,NA,NA,NA,NA,NA,40.483822305511616,-104.76797793411923
118,128076399,23001900243822,2,00201011,Eaton-Law Reservoir,0.23800000000000002,10190007002534,390,39004,1019,CLP,140.79835721558274,poi_center,NA,NA,NA,NA,NA,NA,40.52762176619986,-104.86494050044895
119,128075570,23001900249975,2,NA,NA,0.017,10190007002292,390,39001,1019,CLP,57.219111783210074,poi_center,NA,NA,NA,NA,NA,NA,40.73962497265756,-105.09284669859724
120,128076087,23001900242982,2,NA,NA,0.031,10190007002433,390,39004,1019,CLP,86.55925262817154,poi_center,NA,NA,NA,NA,NA,NA,40.60481782974522,-104.97834846779537
121,128076034,23001900250430,2,00180474,Crom Lake,0.04,10190007002415,390,39001,1019,CLP,86.07592824538268,poi_center,NA,NA,NA,NA,NA,NA,40.63344980256914,-104.77423118118128
122,128076020,23001900250814,2,00180514,North Gray Reservoir,0.111,10190007002407,436,43613,1019,CLP,134.48335000733834,poi_center,NA,NA,NA,NA,NA,NA,40.619583021241475,-104.98528466250282
123,128076176,23001900250817,2,NA,NA,0.034,10190007014330,390,39004,1019,CLP,67.78715145031175,poi_center,NA,NA,NA,NA,NA,NA,40.575303888018496,-105.0287833708018
124,128076639,23001900255454,2,NA,NA,0.01,10190007002615,390,39004,1019,CLP,28.152897649901362,poi_center,NA,NA,NA,NA,NA,NA,40.39833586749228,-104.84300722117632
125,128075272,23001900245504,2,NA,NA,0.01,10190007013680,390,39001,1019,CLP,38.00321845801966,poi_center,NA,NA,NA,NA,NA,NA,40.874235199146476,-105.06843379468656
126,128075605,23001900245508,2,NA,NA,0.026000000000000002,10190007013928,390,39001,1019,CLP,53.94778218492271,poi_center,NA,NA,NA,NA,NA,NA,40.71994317942433,-105.11077935780322
127,128076048,23001900254218,2,NA,NA,0.018000000000000002,10190007014245,390,39004,1019,CLP,64.60335795385767,poi_center,NA,NA,NA,NA,NA,NA,40.60558220794449,-105.10603469733665
128,128076206,23001900254219,2,NA,NA,0.025,10190007002461,390,39001,1019,CLP,50.931212190450935,poi_center,NA,NA,NA,NA,NA,NA,40.58946372318322,-104.72781451347296
129,128076261,23001900254220,2,NA,NA,0.01,10190007014396,390,39004,1019,CLP,32.14877818338364,poi_center,NA,NA,NA,NA,NA,NA,40.55892616194764,-105.02672816954544
130,128076174,23001900249581,2,NA,NA,0.037000000000000005,10190007014328,390,39004,1019,CLP,80.12251854400661,poi_center,NA,NA,NA,NA,NA,NA,40.57663754234496,-105.03107355478727
131,128076365,23001900249584,2,NA,NA,0.014,10190007002517,390,39004,1019,CLP,57.22291190658606,poi_center,NA,NA,NA,NA,NA,NA,40.5312213559764,-105.00226464033388
132,128076440,23001900249585,2,NA,NA,0.01,10190007014519,390,39001,1019,CLP,47.93935441283214,poi_center,NA,NA,NA,NA,NA,NA,40.52601050057171,-104.77307426255791
133,128076461,23001900249587,2,NA,NA,0.011000000000000001,10190007002547,390,39004,1019,CLP,41.823371018103806,poi_center,NA,NA,NA,NA,NA,NA,40.52568021110088,-104.70488662689179
134,128076522,23001900249588,2,NA,NA,0.03,10190007002580,390,39004,1019,CLP,56.42786184319348,poi_center,NA,NA,NA,NA,NA,NA,40.46250333072606,-104.87572277377477
135,128075731,23001900252078,2,NA,NA,0.037000000000000005,10190007002333,390,39009,1019,CLP,78.35450537843799,poi_center,NA,NA,NA,NA,NA,NA,40.63482474231976,-105.83388457566058
136,128076290,23001900242984,2,NA,NA,0.015000000000000001,10190007002492,390,39001,1019,CLP,46.236411072498505,poi_center,NA,NA,NA,NA,NA,NA,40.55627494550133,-104.95128099899235
137,128075216,23001900238317,2,00171104,Round Butte Reservoir,0.03,10190007002218,390,39001,1019,CLP,81.75795596153431,poi_center,NA,NA,NA,NA,NA,NA,40.905516696546705,-105.05138724319366
138,128076080,23001900252082,2,NA,NA,0.042,10190007002432,390,39004,1019,CLP,77.72111898473153,poi_center,NA,NA,NA,NA,NA,NA,40.59806059846689,-105.08724413635734
139,128076387,23001900252086,2,NA,NA,0.016,10190007014477,390,39004,1019,CLP,31.482612059614983,poi_center,NA,NA,NA,NA,NA,NA,40.51813033623436,-105.11584542446835
140,128076453,23001900252087,2,NA,NA,0.063,10190007002546,390,39009,1019,CLP,111.92888768458408,poi_center,NA,NA,NA,NA,NA,NA,40.51841048153009,-104.82611787188326
141,128076253,23001900257139,2,NA,NA,0.016,10190007002467,390,39001,1019,CLP,51.33024119615269,poi_center,NA,NA,NA,NA,NA,NA,40.56406389277138,-104.97612761506913
142,128076355,23001900254221,2,NA,NA,0.053000000000000005,10190007014457,390,39004,1019,CLP,101.56015909425756,poi_center,NA,NA,NA,NA,NA,NA,40.53175345663192,-105.00436674377593
143,128076550,23001900254223,2,NA,NA,0.037000000000000005,10190007002594,390,39004,1019,CLP,70.68912697427577,poi_center,NA,NA,NA,NA,NA,NA,40.44678292087461,-104.71834950462012
144,128076557,23001900254224,2,NA,NA,0.02,10190007014578,390,39004,1019,CLP,44.728375529331124,poi_center,NA,NA,NA,NA,NA,NA,40.44451901771161,-104.71622650644154
145,128076573,23001900254225,2,NA,NA,0.024,10190007002602,390,39004,1019,CLP,48.57644780918095,poi_center,NA,NA,NA,NA,NA,NA,40.44020516913096,-104.70704280819419
146,128076133,23001900245517,2,00177390,College Lake,0.269,10190007002450,390,39004,1019,CLP,207.85441845675447,poi_center,NA,NA,NA,NA,NA,NA,40.579524665087824,-105.14962014068931
147,128076237,23001900245519,2,00180501,Deadman Lake,0.08700000000000001,10190007002470,390,39004,1019,CLP,120.32768184020688,poi_center,NA,NA,NA,NA,NA,NA,40.56571505410254,-104.9635320217483
148,128075662,23001900257982,2,NA,NA,0.017,10190007002319,390,39004,1019,CLP,39.294065856281044,poi_center,NA,NA,NA,NA,NA,NA,40.71476592042027,-104.96749210292874
149,128075835,23001900257987,2,00201303,Kluver Reservoir,0.37,10190007002372,390,39004,1019,CLP,233.03869471795105,poi_center,NA,NA,NA,NA,NA,NA,40.654339925234076,-105.09612459856702
150,128075925,23001900237869,2,NA,NA,0.012,10190007014158,390,39004,1019,CLP,28.96383916637463,poi_center,NA,NA,NA,NA,NA,NA,40.632735397730315,-105.14690069527877
151,128076094,23001900249579,2,00202716,Black Hollow Reservoir,1.5090000000000001,10190007002435,390,39009,1019,CLP,437.6116658620647,poi_center,NA,NA,NA,NA,NA,NA,40.61023302091247,-104.87930038483198
152,128076496,23001900243826,2,00180569,Windsor Lake,0.685,10190007002625,390,39009,1019,CLP,349.58512128377504,poi_center,NA,NA,NA,NA,NA,NA,40.48412097979722,-104.90017987169999
153,128076555,23001900243827,2,NA,NA,0.047,10190007002595,390,39004,1019,CLP,80.04130219217471,poi_center,NA,NA,NA,NA,NA,NA,40.445619129949506,-104.70751391388376
154,128075798,23001900257563,2,NA,NA,0.016,10190007014064,390,39004,1019,CLP,42.15713677688877,poi_center,NA,NA,NA,NA,NA,NA,40.66157778474441,-105.2057434863674
155,128076043,23001900257566,2,NA,NA,0.031,10190007014241,390,39004,1019,CLP,70.28283107317256,poi_center,NA,NA,NA,NA,NA,NA,40.60618190433808,-105.11085094786033
156,128076128,23001900257567,2,NA,NA,0.032,10190007002446,390,39004,1019,CLP,78.95423825257305,poi_center,NA,NA,NA,NA,NA,NA,40.604057111015265,-104.80264480303715
157,128076258,23001900257568,2,00180518,James Lake,0.109,10190007002478,390,39004,1019,CLP,159.3224982427786,poi_center,NA,NA,NA,NA,NA,NA,40.56711470717373,-104.89673130954684
158,128076298,23001900257570,2,00200291,Loop Lake,0.24700000000000003,10190007002494,390,39009,1019,CLP,186.6185135697641,poi_center,NA,NA,NA,NA,NA,NA,40.555372354306144,-104.85989360849254
159,128076765,23001900251243,2,NA,NA,0.026000000000000002,10190007002509,390,39001,1019,CLP,62.583277136863046,poi_center,NA,NA,NA,NA,NA,NA,40.52843928481962,-105.13142816311142
160,128075950,23001900237870,2,00177228,Richard Lake Reservoir Number Six,0.29400000000000004,10190007002390,390,39004,1019,CLP,158.23811349212104,poi_center,NA,NA,NA,NA,NA,NA,40.63158479085647,-105.05655923393064
161,128076126,23001900237874,2,NA,NA,0.021,10190007002445,390,39004,1019,CLP,71.08629438032638,poi_center,NA,NA,NA,NA,NA,NA,40.59244530694559,-104.97314435165661
162,128076189,23001900237876,2,NA,NA,0.041,10190007014341,390,39004,1019,CLP,82.08327254205557,poi_center,NA,NA,NA,NA,NA,NA,40.57088229565351,-105.03647545968131
163,128076332,23001900251662,2,00202710,Windsor Reservoir,3.448,10190007002526,390,39009,1019,CLP,576.8326445098961,poi_center,NA,NA,NA,NA,NA,NA,40.53031969023071,-104.88888974570565
164,128076444,23001900251663,2,NA,NA,0.04,10190007002542,436,43609,1019,CLP,90.16712140308147,poi_center,NA,NA,NA,NA,NA,NA,40.52900967501091,-104.70624126357224
165,128076458,23001900251664,2,00180534,Swanson Lake,0.036000000000000004,10190007002550,390,39004,1019,CLP,70.90997433801206,poi_center,NA,NA,NA,NA,NA,NA,40.51703260895752,-104.83441855156579
166,128076640,23001900251667,2,NA,NA,0.015000000000000001,10190007002614,390,39004,1019,CLP,38.30055106591889,poi_center,NA,NA,NA,NA,NA,NA,40.40792823047228,-104.70507577077238
167,128075432,23001900247191,2,00170234,Lady Moon Lake,0.064,10190007013800,390,39001,1019,CLP,46.135511622855304,poi_center,NA,NA,NA,NA,NA,NA,40.771291020477776,-105.5255420970302
168,128076193,23001900250818,2,NA,NA,0.011000000000000001,10190007014345,390,39004,1019,CLP,41.04759065273514,poi_center,NA,NA,NA,NA,NA,NA,40.57077385227115,-105.03192640844975
169,128076519,23001900251241,2,00180597,Hogarty Reservoir,0.014,10190007002579,436,43613,1019,CLP,48.74039686168188,poi_center,NA,NA,NA,NA,NA,NA,40.48062597490985,-104.76604470310173
170,128075501,23001900240871,2,00200295,Mountain Supply Reservoir Number 7,0.07,10190007002274,390,39004,1019,CLP,127.83302444451603,poi_center,NA,NA,NA,NA,NA,NA,40.76727818179332,-105.052303323196
171,128076459,23001900254608,2,00180539,Woods Lake,0.662,10190007002538,390,39009,1019,CLP,391.2592954151095,poi_center,NA,NA,NA,NA,NA,NA,40.5203170144848,-104.80464520748414
172,128076595,23001900250824,2,NA,NA,0.064,10190007002605,390,39004,1019,CLP,111.02917733957388,poi_center,NA,NA,NA,NA,NA,NA,40.41815217546468,-104.73727324480325
173,128076614,23001900250825,2,NA,NA,0.015000000000000001,10190007002607,390,39004,1019,CLP,48.87450647730296,poi_center,NA,NA,NA,NA,NA,NA,40.40727530531451,-104.84241501258522
174,128076035,23001900240876,2,NA,NA,0.077,10190007014239,390,39004,1019,CLP,98.06036102202893,poi_center,NA,NA,NA,NA,NA,NA,40.60846380279728,-105.10678878813
175,128076545,23001900254611,2,NA,NA,0.024,10190007002626,390,39004,1019,CLP,65.20640038661917,poi_center,NA,NA,NA,NA,NA,NA,40.446741146801436,-104.75038322302159
176,128075575,23001900244668,2,00201978,Indian Creek Reservoir,0.66,10190007002294,390,39009,1019,CLP,312.5362736123161,poi_center,NA,NA,NA,NA,NA,NA,40.74869722961545,-104.95409479622091
177,128075593,23001900244669,2,NA,NA,0.01,10190007013919,390,39004,1019,CLP,36.39098471394742,poi_center,NA,NA,NA,NA,NA,NA,40.72379548609952,-105.14985981407368
178,128075277,23001900240446,2,00198457,Slab Canyon Reservoir,0.068,10190007002229,390,39004,1019,CLP,109.8217452757154,poi_center,NA,NA,NA,NA,NA,NA,40.86603859243363,-105.16105861331421
179,128075405,23001900240448,2,00170179,Tibbits Lake,0.09,10190007002256,390,39004,1019,CLP,91.32305306950967,poi_center,NA,NA,NA,NA,NA,NA,40.803822352149744,-105.24612676979882
180,128076381,23001900257993,2,NA,NA,0.06,10190007002521,390,39004,1019,CLP,88.09853054042794,poi_center,NA,NA,NA,NA,NA,NA,40.533527494416866,-104.91097571545934
181,128076497,23001900252090,2,00177731,Duck Lake,0.14100000000000001,10190007002567,390,39004,1019,CLP,157.34786985630404,poi_center,NA,NA,NA,NA,NA,NA,40.48126364177525,-105.02866020836774
182,128075318,23001900237450,2,00170221,Apache Lake,0.055,10190007013716,390,39009,1019,CLP,69.79899937006974,poi_center,NA,NA,NA,NA,NA,NA,40.80852644443589,-105.59327858479101
183,128075650,23001900237454,2,NA,NA,0.013000000000000001,10190007002316,390,39001,1019,CLP,44.84698540721148,poi_center,NA,NA,NA,NA,NA,NA,40.72086208318532,-104.93242149236497
184,128076314,23001900237880,2,00180511,Timnath Reservoir,2.472,10190007002503,390,39009,1019,CLP,527.0930995767151,poi_center,NA,NA,NA,NA,NA,NA,40.54698687239346,-104.96152172160221
185,128076347,23001900237881,2,NA,NA,0.01,10190007014451,390,39004,1019,CLP,20.002343115342068,poi_center,NA,NA,NA,NA,NA,NA,40.533727776794045,-104.99081731324776
186,128075393,23001900238320,2,NA,NA,0.021,10190007002253,390,39004,1019,CLP,59.142525905716106,poi_center,NA,NA,NA,NA,NA,NA,40.81184688416883,-105.21491166299168
187,128076170,23001900247205,2,NA,NA,0.045000000000000005,10190007002455,390,39009,1019,CLP,76.22990759293148,poi_center,NA,NA,NA,NA,NA,NA,40.5895774967592,-104.8540873568323
188,128076321,23001900247207,2,NA,NA,0.078,10190007002507,390,39004,1019,CLP,134.48938594651165,poi_center,NA,NA,NA,NA,NA,NA,40.56226469666027,-104.70000462747981
189,128076641,23001900247209,2,00198429,Greeley Lake West Reservoir,0.052000000000000005,10190007002616,390,39004,1019,CLP,90.0040153614668,poi_center,NA,NA,NA,NA,NA,NA,40.40532132904504,-104.72991590458685
190,128075781,23001900237456,2,00180465,Morris Reservoir,0.02,10190007002353,436,43613,1019,CLP,63.08998395020808,poi_center,NA,NA,NA,NA,NA,NA,40.68115096122749,-104.98074787353158
191,128076543,23001900240881,2,NA,NA,0.151,10190007002591,390,39004,1019,CLP,181.6309027250166,poi_center,NA,NA,NA,NA,NA,NA,40.44732697858531,-104.7279280320949
192,128076222,23001900237878,2,NA,NA,0.026000000000000002,10190007002464,390,39004,1019,CLP,67.7980190807297,poi_center,NA,NA,NA,NA,NA,NA,40.56560527197299,-105.02870565800865
193,128076209,23001900240878,2,NA,NA,0.028,10190007014358,390,39004,1019,CLP,80.21036739708288,poi_center,NA,NA,NA,NA,NA,NA,40.568114874483435,-105.02513154120206
194,128076494,23001900240879,2,00177533,Poudre Lake,0.053000000000000005,10190007002619,390,39004,1019,CLP,58.96172473292541,poi_center,NA,NA,NA,NA,NA,NA,40.42178176005399,-105.80887720041682
195,128076248,23001900244680,2,NA,NA,0.011000000000000001,10190007002466,390,39004,1019,CLP,28.93127974238397,poi_center,NA,NA,NA,NA,NA,NA,40.57694227478981,-104.79823680789157
196,128076279,23001900244681,2,NA,NA,0.082,10190007002489,390,39004,1019,CLP,91.06602371952464,poi_center,NA,NA,NA,NA,NA,NA,40.55958156486422,-104.91526491231535
197,128076392,23001900244683,2,NA,NA,0.011000000000000001,10190007002524,390,39004,1019,CLP,41.103273782690685,poi_center,NA,NA,NA,NA,NA,NA,40.54513418940609,-104.70761716373019
198,128076420,23001900244684,2,00180533,Baldridge Lake,0.04,10190007002535,390,39004,1019,CLP,87.49362663151193,poi_center,NA,NA,NA,NA,NA,NA,40.5277285746601,-104.83167001433787
199,128076526,23001900244687,2,NA,NA,0.01,10190007002581,390,39004,1019,CLP,46.544751841845134,poi_center,NA,NA,NA,NA,NA,NA,40.46597444808723,-104.75275245156374
200,128076041,23001900240455,2,00180513,South Gray Reservoir,0.23700000000000002,10190007002424,390,39004,1019,CLP,200.07426582266012,poi_center,NA,NA,NA,NA,NA,NA,40.615155110432866,-104.9837264363393
201,128076110,23001900240456,2,NA,NA,0.012,10190007002439,390,39009,1019,CLP,45.61746253959454,poi_center,NA,NA,NA,NA,NA,NA,40.53648025655053,-105.80716932854207
202,128076201,23001900240458,2,NA,NA,0.014,10190007002459,390,39004,1019,CLP,54.28283370511013,poi_center,NA,NA,NA,NA,NA,NA,40.56941776935664,-105.03358409058065
203,128074885,23001900244248,2,NA,NA,0.084,10190007002207,390,39009,1019,CLP,69.96593630240271,poi_center,NA,NA,NA,NA,NA,NA,41.114044109275,-105.45582790816653
204,128076019,23001900244676,2,NA,NA,0.026000000000000002,10190007002411,390,39004,1019,CLP,52.9675735428437,poi_center,NA,NA,NA,NA,NA,NA,40.611650448595185,-105.11656711663544
205,128076553,23001900237464,2,NA,NA,0.015000000000000001,10190007002593,390,39004,1019,CLP,21.31392062294604,poi_center,NA,NA,NA,NA,NA,NA,40.44209488479217,-104.78123942341959
206,128076565,23001900237465,2,NA,NA,0.037000000000000005,10190007002601,390,39004,1019,CLP,60.140585117872895,poi_center,NA,NA,NA,NA,NA,NA,40.44159666368387,-104.71239036811323
207,128075967,23001900255488,2,00177294,Comanche Lake,0.025,10190007002394,390,39004,1019,CLP,61.71377934312596,poi_center,NA,NA,NA,NA,NA,NA,40.58052817357136,-105.68358966036064
208,128076062,23001900237461,2,NA,NA,0.039,10190007002426,390,39004,1019,CLP,90.19321977214867,poi_center,NA,NA,NA,NA,NA,NA,40.601268687863346,-105.13292959688964
209,128076204,23001900250433,2,NA,NA,0.01,10190007014355,390,39001,1019,CLP,41.93164011550308,poi_center,NA,NA,NA,NA,NA,NA,40.57280088961572,-104.9768868229393
210,128076246,23001900250434,2,NA,NA,0.021,10190007014388,390,39004,1019,CLP,59.160256848437164,poi_center,NA,NA,NA,NA,NA,NA,40.560844441504535,-105.02396336299094
211,128075609,23001900244258,2,NA,NA,0.024,10190007002307,390,39001,1019,CLP,76.91335358695113,poi_center,NA,NA,NA,NA,NA,NA,40.72315289016929,-105.07067354877307
212,128075935,23001900255057,2,00177282,Grass Lake,0.014,10190007002388,390,39009,1019,CLP,59.472700984594184,poi_center,NA,NA,NA,NA,NA,NA,40.582847217171285,-105.78414601695532
213,128075587,23001900257980,2,00177222,Dry Creek Reservoir,0.135,10190007002300,390,39004,1019,CLP,135.99423404780552,poi_center,NA,NA,NA,NA,NA,NA,40.73086669420688,-105.10428626929327
214,128075397,23001900244254,2,00170232,Parvin Lake,0.272,10190007002255,390,39009,1019,CLP,164.910561770328,poi_center,NA,NA,NA,NA,NA,NA,40.78454924934158,-105.55560200610974
215,128075645,23001900244259,2,00200267,Douglas Reservoir,2.125,10190007002310,390,39009,1019,CLP,454.163991201656,poi_center,NA,NA,NA,NA,NA,NA,40.70171479408589,-105.08207602820332
216,128075260,23001900258451,2,00199273,Lone Pine Reservoir,0.01,10190007013670,390,39004,1019,CLP,37.85870456467802,poi_center,NA,NA,NA,NA,NA,NA,40.84037751672587,-105.61293569484465
217,128075264,23001900257973,2,NA,NA,0.014,10190007002225,390,39001,1019,CLP,49.17726989357258,poi_center,NA,NA,NA,NA,NA,NA,40.84676578003698,-105.50570670467857
218,128075328,23001900257975,2,00170222,Shagwa Lake,0.022000000000000002,10190007002238,390,39004,1019,CLP,44.466694930449364,poi_center,NA,NA,NA,NA,NA,NA,40.80537843801777,-105.60242148174694
219,128075581,23001900250805,2,00199701,North Poudre Reservoir Number 3,0.623,10190007002297,390,39009,1019,CLP,321.8147222485585,poi_center,NA,NA,NA,NA,NA,NA,40.733355028850944,-105.0424742116802
220,128075759,23001900250807,2,00201309,Mountain Supply Reservoir Number 9,0.114,10190007002341,390,39004,1019,CLP,151.31828567615145,poi_center,NA,NA,NA,NA,NA,NA,40.679250839683384,-105.07393498922285
221,128075544,23001900251229,2,00198439,Mattingly Reservoir,0.063,10190007002285,390,39001,1019,CLP,77.05323943792241,poi_center,NA,NA,NA,NA,NA,NA,40.7460747549205,-105.10270789368447
222,128075794,23001900250809,2,NA,NA,0.029,10190007002356,390,39001,1019,CLP,57.82586432650828,poi_center,NA,NA,NA,NA,NA,NA,40.67325932960873,-105.04185771890549
223,128075976,23001900250813,2,NA,NA,0.045000000000000005,10190007014197,390,39004,1019,CLP,70.72650941784539,poi_center,NA,NA,NA,NA,NA,NA,40.619039409308485,-105.12280492655536
224,128075829,23001900251230,2,00198463,North Poudre Reservoir Number 10,0.156,10190007002369,390,39004,1019,CLP,138.77524780862385,poi_center,NA,NA,NA,NA,NA,NA,40.66064318325673,-105.06506458778553
225,128076054,23001900251232,2,NA,NA,0.013000000000000001,10190007002422,390,39004,1019,CLP,35.44071893524016,poi_center,NA,NA,NA,NA,NA,NA,40.60587233151555,-105.0976951044536
226,128076107,23001900251233,2,NA,NA,0.01,10190007014285,390,39004,1019,CLP,34.91421114050375,poi_center,NA,NA,NA,NA,NA,NA,40.55242165338052,-105.60787627336106
227,128076254,23001900251237,2,NA,NA,0.044000000000000004,10190007014394,390,39004,1019,CLP,71.5830455448521,poi_center,NA,NA,NA,NA,NA,NA,40.558969248803656,-105.0245046418918
228,128075893,23001900254601,2,NA,NA,0.044000000000000004,10190007002379,390,39004,1019,CLP,77.82374162622241,poi_center,NA,NA,NA,NA,NA,NA,40.6370087979419,-105.19384375242332
229,128075909,23001900254602,2,NA,NA,0.019,10190007002386,390,39001,1019,CLP,58.23972625001225,poi_center,NA,NA,NA,NA,NA,NA,40.641781668025985,-105.05809474078063
230,128076470,23001900257573,2,NA,NA,0.015000000000000001,10190007002554,390,39004,1019,CLP,52.19170830786744,poi_center,NA,NA,NA,NA,NA,NA,40.517955571890965,-104.74723101889413
231,128075535,23001900254599,2,00202063,Cavelry Lake,0.059000000000000004,10190007002284,390,39004,1019,CLP,93.246611860426,poi_center,NA,NA,NA,NA,NA,NA,40.74957463588043,-105.09198486916469
232,128076356,23001900257991,2,NA,NA,0.019,10190007002514,390,39001,1019,CLP,63.68532502952865,poi_center,NA,NA,NA,NA,NA,NA,40.53885238059598,-104.91268437887291
233,128075672,23001900243812,2,NA,NA,0.017,10190007002323,390,39004,1019,CLP,51.8647560390631,poi_center,NA,NA,NA,NA,NA,NA,40.71316831785811,-104.96879677322788
234,128075714,23001900239667,2,00201271,North Poudre Reservoir Number 5,1.576,10190007002325,390,39004,1019,CLP,384.4307003839279,poi_center,NA,NA,NA,NA,NA,NA,40.697306785263855,-105.04614564167417
235,128076038,23001900239669,2,NA,NA,0.101,10190007002423,390,39004,1019,CLP,114.78067624385523,poi_center,NA,NA,NA,NA,NA,NA,40.617432712973155,-104.96789593195987
236,128076121,23001900239671,2,NA,NA,0.011000000000000001,10190007014297,390,39004,1019,CLP,45.488127291578415,poi_center,NA,NA,NA,NA,NA,NA,40.54011560772559,-105.6997936681282
237,128076234,23001900239673,2,NA,NA,0.051000000000000004,10190007014378,390,39004,1019,CLP,83.39041416351519,poi_center,NA,NA,NA,NA,NA,NA,40.562458656556004,-105.02625313081865
238,128076281,23001900243818,2,NA,NA,0.017,10190007002491,390,39001,1019,CLP,30.0942039642552,poi_center,NA,NA,NA,NA,NA,NA,40.56691685638398,-104.79602145276193
239,128075532,23001900247536,2,00201311,North Poudre Reservoir Number 11,0.08900000000000001,10190007002283,390,39009,1019,CLP,122.64001207346409,poi_center,NA,NA,NA,NA,NA,NA,40.75696671456263,-105.03848054773343
240,128075707,23001900247539,2,00177084,Twin Lakes,0.041,10190007002332,390,39009,1019,CLP,87.61876047779396,poi_center,NA,NA,NA,NA,NA,NA,40.63952309324878,-105.8409784240394
241,128075463,23001900237862,2,NA,NA,0.015000000000000001,10190007013829,390,39001,1019,CLP,53.608392742291855,poi_center,NA,NA,NA,NA,NA,NA,40.790539850709905,-105.0655551857148
242,128075337,23001900237105,2,00170178,Park Creek Reservoir,0.97014486,10190007002236,390,39004,1019,CLP,375.70570154098505,poi_center,NA,NA,NA,NA,NA,NA,40.8422586219871,-105.15841529104472
243,128075787,23001900238781,2,00177218,Water Supply and Storage Reservoir Number 3,0.8170000000000001,10190007002368,390,39004,1019,CLP,245.70837754177106,poi_center,NA,NA,NA,NA,NA,NA,40.669656756242816,-105.09232004780452
244,128075937,23001900238782,2,NA,NA,0.025,10190007002389,390,39001,1019,CLP,74.42283466053672,poi_center,NA,NA,NA,NA,NA,NA,40.636622054271115,-105.05133722486997
245,128075416,23001900250418,2,NA,NA,0.024,10190007002630,390,39001,1019,CLP,54.40661792178382,poi_center,NA,NA,NA,NA,NA,NA,40.8078312006061,-105.11840080965388
246,128075507,23001900250421,2,NA,NA,0.01,10190007013865,390,39001,1019,CLP,40.49758312529852,poi_center,NA,NA,NA,NA,NA,NA,40.77050423784829,-104.97415373082619
247,128075529,23001900250423,2,NA,NA,0.016,10190007002282,390,39004,1019,CLP,48.76776277801518,poi_center,NA,NA,NA,NA,NA,NA,40.731062687938504,-105.39218270969721
248,128075599,23001900250425,2,NA,NA,0.022000000000000002,10190007002303,390,39004,1019,CLP,70.67944667322183,poi_center,NA,NA,NA,NA,NA,NA,40.733240493995005,-104.98553140847693
249,128075990,23001900238783,2,NA,NA,0.053000000000000005,10190007002405,390,39004,1019,CLP,75.80954073245043,poi_center,NA,NA,NA,NA,NA,NA,40.62675695506564,-104.95541808852754
250,128076499,23001900239677,2,NA,NA,0.039,10190007002569,390,39004,1019,CLP,100.51801232512193,poi_center,NA,NA,NA,NA,NA,NA,40.4744028545636,-105.05209169112335
251,128074893,23001900239207,2,NA,NA,0.014,10190007002208,390,39004,1019,CLP,39.751235900745186,poi_center,NA,NA,NA,NA,NA,NA,41.08775836542674,-105.36223797450155
252,128075298,23001900239216,2,00201905,Lake Erie,0.067,10190007002233,390,39004,1019,CLP,124.4715680535505,poi_center,NA,NA,NA,NA,NA,NA,40.819388003651326,-105.62500180541738
253,{D72DEEEA-EBED-4367-8235-E85C2698633C},23001900243452,2,NA,NA,1.961,10190007025446,390,39004,1019,CLP,515.7650939974355,poi_center,NA,NA,NA,NA,NA,NA,40.85134187240885,-105.02507646282629
254,128075992,23001900243458,2,00177277,Joe Wright Reservoir,0.604,10190007025481,390,39004,1019,"CLP, ROSS_CLP",206.19107160508722,poi_center,NA,NA,NA,NA,NA,NA,40.556605611006844,-105.87104903046048
255,128074866,23001900248380,2,01609036,Williams Number 3 Reservoir,0.056,10190007002206,390,39009,1019,CLP,74.40368796649187,poi_center,NA,NA,NA,NA,NA,NA,41.18391540446609,-105.43764943270631
256,128076231,23001900247547,2,00180522,Drake Lake,0.138,10190007002471,390,39009,1019,CLP,116.7517723832691,poi_center,NA,NA,NA,NA,NA,NA,40.57513099847301,-104.85456146057928
257,128076285,23001900247550,2,NA,NA,0.016,10190007014410,390,39004,1019,CLP,46.81417422034333,poi_center,NA,NA,NA,NA,NA,NA,40.552983728443614,-105.01287460474657
258,128076293,23001900247552,2,00177428,Nelson Reservoir,0.14600000000000002,10190007002490,390,39009,1019,CLP,166.7478122216614,poi_center,NA,NA,NA,NA,NA,NA,40.54792634761485,-105.04780188187523
259,128075520,23001900240072,2,NA,NA,0.041,10190007002281,390,39001,1019,CLP,90.01165540687991,poi_center,NA,NA,NA,NA,NA,NA,40.75695070585497,-105.04927596816877
260,128075355,23001900239217,2,NA,NA,0.044000000000000004,10190007002243,390,39001,1019,CLP,79.01162945224452,poi_center,NA,NA,NA,NA,NA,NA,40.8211525325954,-105.23053481681697
261,128075437,23001900239218,2,NA,NA,0.012,10190007002264,390,39004,1019,CLP,43.39337886297723,poi_center,NA,NA,NA,NA,NA,NA,40.769411374336485,-105.52782232149966
262,128075873,23001900239228,2,00177229,Elder Reservoir,0.32,10190007002381,390,39004,1019,CLP,238.25388455482442,poi_center,NA,NA,NA,NA,NA,NA,40.6503170055111,-105.0401626755226
263,128075438,23001900243374,2,NA,NA,0.01,10190007013805,390,39001,1019,CLP,44.49496237394684,poi_center,NA,NA,NA,NA,NA,NA,40.8051974286775,-105.03141093958422
264,128075504,23001900243376,2,NA,NA,0.027,10190007002276,390,39001,1019,CLP,70.63339570876163,poi_center,NA,NA,NA,NA,NA,NA,40.76099845506868,-105.12156445910567
265,128075519,23001900243377,2,NA,NA,0.022000000000000002,10190007002279,390,39004,1019,CLP,42.4398969030582,poi_center,NA,NA,NA,NA,NA,NA,40.75400825676782,-105.1093316926876
266,128075420,23001900246395,2,00170233,Lone Pine Lake,0.01,10190007002260,390,39004,1019,CLP,39.20947078029062,poi_center,NA,NA,NA,NA,NA,NA,40.77861544933384,-105.51521289529052
267,128076495,23001900239235,2,NA,NA,0.076,10190007002568,390,39004,1019,CLP,113.24162174387263,poi_center,NA,NA,NA,NA,NA,NA,40.48727198551666,-104.90925328270274
268,128076616,23001900239238,2,NA,NA,0.045000000000000005,10190007002609,390,39004,1019,CLP,58.219327199211946,poi_center,NA,NA,NA,NA,NA,NA,40.419557246873445,-104.65047376714979
269,128076620,23001900239239,2,NA,NA,0.031,10190007002608,390,39004,1019,CLP,67.55381550118223,poi_center,NA,NA,NA,NA,NA,NA,40.4187587852753,-104.66278670228813
270,128075326,23001900239662,2,NA,NA,0.01,10190007013725,390,39004,1019,CLP,33.81582210167292,poi_center,NA,NA,NA,NA,NA,NA,40.80980230982982,-105.55805814188582
271,128075350,23001900239663,2,00170224,Lake Ramona,0.04,10190007002242,390,39004,1019,CLP,82.19459808642817,poi_center,NA,NA,NA,NA,NA,NA,40.79994328647405,-105.58912752036774
272,128075865,23001900241259,2,00177214,Water Supply and Storage Reservoir Number 4,0.303,10190007002632,390,39004,1019,CLP,184.26279776770303,poi_center,NA,NA,NA,NA,NA,NA,40.64843186520307,-105.08667549470923
273,128076172,23001900241260,2,NA,NA,0.048,10190007014326,390,39004,1019,CLP,64.48105836092674,poi_center,NA,NA,NA,NA,NA,NA,40.57495881301309,-105.03155144639953
274,128076627,23001900241263,2,NA,NA,0.02,10190007002612,390,39004,1019,CLP,36.946096559488765,poi_center,NA,NA,NA,NA,NA,NA,40.40427012243008,-104.83359518418706
275,128076123,23001900240079,2,00177291,Emmaline Lake,0.012,10190007002443,390,39004,1019,CLP,44.23990574504082,poi_center,NA,NA,NA,NA,NA,NA,40.542776711919934,-105.66192741050963
276,128076353,23001900240083,2,NA,NA,0.055,10190007002516,390,39004,1019,CLP,97.78706521222381,poi_center,NA,NA,NA,NA,NA,NA,40.528279798499675,-105.06377148177899
277,128076378,23001900240084,2,NA,NA,0.155,10190007002525,390,39004,1019,CLP,139.33552485643486,poi_center,NA,NA,NA,NA,NA,NA,40.527954320130064,-104.99950324393456
278,128075574,23001900241253,2,NA,NA,0.017,10190007013907,390,39004,1019,CLP,59.41724434454411,poi_center,NA,NA,NA,NA,NA,NA,40.73195794444298,-105.17594491156487
279,128075737,23001900241257,2,NA,NA,0.033,10190007002334,390,39001,1019,CLP,76.36307349744803,poi_center,NA,NA,NA,NA,NA,NA,40.68957350918066,-105.06551498437122
280,128074905,23001900243797,2,NA,NA,0.01,10190007013327,390,39004,1019,CLP,34.41124980938169,poi_center,NA,NA,NA,NA,NA,NA,41.053537987856295,-105.3174005035421
281,128076272,23001900246407,2,00202444,Long Draw Reservoir,1.37363516,10190007002472,390,39009,1019,"CLP, ROSS_CLP",302.4502133489231,poi_center,NA,NA,NA,NA,NA,NA,40.50014183255943,-105.78767018365646
282,128075374,23001900247532,2,NA,NA,0.012,10190007002250,390,39001,1019,CLP,42.94454097269815,poi_center,NA,NA,NA,NA,NA,NA,40.824171517868805,-105.12351140037205
283,128075977,23001900249983,2,00177295,Hourglass Reservoir,0.261,10190007002399,390,39004,1019,"CLP, ROSS_CLP",163.37698454280923,poi_center,NA,NA,NA,NA,NA,NA,40.57863796503569,-105.63088415751257
284,128075530,23001900248748,2,NA,NA,0.025,10190007013882,390,39001,1019,CLP,67.32480131483071,poi_center,NA,NA,NA,NA,NA,NA,40.75159018089995,-105.09603922382647
285,128075701,23001900248749,2,NA,NA,0.021,10190007002329,390,39004,1019,CLP,62.20459641174453,poi_center,NA,NA,NA,NA,NA,NA,40.70503361334549,-104.98203597273725
286,128075978,23001900249984,2,00177389,Claymore Lake,0.301,10190007002403,390,39004,1019,CLP,228.95138863850224,poi_center,NA,NA,NA,NA,NA,NA,40.615205741574336,-105.1528876687281
287,128075513,23001900258834,2,NA,NA,0.013000000000000001,10190007002278,390,39004,1019,CLP,41.77948642650771,poi_center,NA,NA,NA,NA,NA,NA,40.75546778291452,-105.10993837529955
288,128075598,23001900259267,2,00200257,Boxelder Reservoir Number Three,0.197,10190007002305,390,39004,1019,CLP,195.02864857260968,poi_center,NA,NA,NA,NA,NA,NA,40.72790662226006,-105.03541932615816
289,128075273,23001900258827,2,NA,NA,0.039,10190007002230,390,39001,1019,CLP,50.37490075612167,poi_center,NA,NA,NA,NA,NA,NA,40.86119947549326,-105.23542081920856
290,128075348,23001900258828,2,00170226,Letitia Lake,0.059000000000000004,10190007002241,390,39004,1019,CLP,117.29333134287204,poi_center,NA,NA,NA,NA,NA,NA,40.80220391729165,-105.56842653647826
291,128075375,23001900258829,2,00170229,West Lake,0.081,10190007002248,390,39004,1019,CLP,93.3276874099584,poi_center,NA,NA,NA,NA,NA,NA,40.79139115178269,-105.5676140033014
292,128075966,23001900252471,2,00200289,Long Pond Reservoir,0.767,10190007002397,390,39009,1019,CLP,210.57438571329862,poi_center,NA,NA,NA,NA,NA,NA,40.62053555720024,-105.0513238685429
293,128076137,23001900252472,2,NA,NA,0.076,10190007014308,390,39004,1019,CLP,125.21605135022361,poi_center,NA,NA,NA,NA,NA,NA,40.586776415573254,-105.02188205617644
294,128076187,23001900252473,2,NA,NA,0.012,10190007014340,390,39001,1019,CLP,52.495299431696374,poi_center,NA,NA,NA,NA,NA,NA,40.580019794205185,-104.91867565055195
295,128076527,23001900252480,2,NA,NA,0.028,10190007002583,390,39004,1019,CLP,61.450412789395465,poi_center,NA,NA,NA,NA,NA,NA,40.45326301456996,-104.8858125087521
296,128075861,23001900252893,2,00200251,Annex Reservoir Number 8,0.5890000000000001,10190007002378,390,39004,1019,CLP,287.8791463886189,poi_center,NA,NA,NA,NA,NA,NA,40.652085706493274,-105.05863935264802
297,128076037,23001900252894,2,00177430,Lindenmeier Lake,0.401,10190007002413,390,39009,1019,CLP,234.91452668072148,poi_center,NA,NA,NA,NA,NA,NA,40.610495964263826,-105.05134715906411
298,128076057,23001900252895,2,00180512,Gray Reservoir Number 3,0.048,10190007002425,436,43613,1019,CLP,86.94303399184699,poi_center,NA,NA,NA,NA,NA,NA,40.61242152958414,-104.98652275069071
299,128076451,23001900252899,2,NA,NA,0.013000000000000001,10190007002544,390,39001,1019,CLP,52.910939331395255,poi_center,NA,NA,NA,NA,NA,NA,40.50359145074259,-105.04781353241623
300,128075618,23001900255439,2,NA,NA,0.082,10190007002308,390,39001,1019,CLP,84.96294829602394,poi_center,NA,NA,NA,NA,NA,NA,40.72059073700179,-105.0784688810362
301,128075965,23001900256281,2,00177296,Comanche Reservoir,0.452,10190007002393,390,39004,1019,"CLP, ROSS_CLP",179.1153777394947,poi_center,NA,NA,NA,NA,NA,NA,40.5835290560732,-105.6481575727579
302,128075974,23001900256282,2,00201013,Mountain Supply Reservoir Number 18,0.258,10190007002396,390,39004,1019,CLP,193.17748172689136,poi_center,NA,NA,NA,NA,NA,NA,40.633135100889426,-104.94871610996056
303,128076004,23001900256283,2,NA,NA,0.032,10190007014219,390,39004,1019,CLP,65.4861329398242,poi_center,NA,NA,NA,NA,NA,NA,40.6126730054754,-105.1124932507553
304,128076262,23001900256287,2,NA,NA,0.015000000000000001,10190007002479,390,39004,1019,CLP,30.980650806643943,poi_center,NA,NA,NA,NA,NA,NA,40.57171365931029,-104.79732721093606
305,128076319,23001900256288,2,00180503,Lee Lake,0.124,10190007002505,390,39004,1019,CLP,97.689533598319,poi_center,NA,NA,NA,NA,NA,NA,40.5474596303915,-104.92699799826866
306,128076132,23001900255445,2,00177292,Mirror Lake,0.07400000000000001,10190007002449,390,39004,1019,CLP,127.70696253717455,poi_center,NA,NA,NA,NA,NA,NA,40.53773517366141,-105.69848651754631
307,128075229,23001900252460,2,00170212,Creedmoore Lakes,0.033,10190007002223,390,39004,1019,CLP,66.5211888621854,poi_center,NA,NA,NA,NA,NA,NA,40.86045376018173,-105.58943003233327
308,128075364,23001900252461,2,00170228,Snake Lake,0.03,10190007002246,390,39004,1019,CLP,72.04291389972252,poi_center,NA,NA,NA,NA,NA,NA,40.79580189224736,-105.57350742398566
309,128074911,23001900255841,2,NA,NA,0.027,10190007013333,390,39004,1019,CLP,75.75599033238272,poi_center,NA,NA,NA,NA,NA,NA,41.047894940771826,-105.29589208150063
310,128075472,23001900252462,2,00199709,North Poudre Reservoir Number 15,1.1840000000000002,10190007002268,390,39009,1019,CLP,393.16303249719135,poi_center,NA,NA,NA,NA,NA,NA,40.78385404179169,-105.12008708012874
311,128075863,23001900252470,2,NA,NA,0.014,10190007014112,390,39004,1019,CLP,37.88334014277375,poi_center,NA,NA,NA,NA,NA,NA,40.66297327343348,-104.90972810086997
312,128075979,23001900255854,2,NA,NA,0.025,10190007002400,390,39001,1019,CLP,79.35862548033299,poi_center,NA,NA,NA,NA,NA,NA,40.621739977335345,-105.06959677596866
313,128074914,23001900252883,2,NA,NA,0.024,10190007013336,390,39004,1019,CLP,68.11940765545944,poi_center,NA,NA,NA,NA,NA,NA,41.04481676886342,-105.29370687625297
314,128075365,23001900252887,2,NA,NA,0.013000000000000001,10190007002247,390,39001,1019,CLP,41.90949802155172,poi_center,NA,NA,NA,NA,NA,NA,40.83365362914286,-105.04995119623722
315,128076175,23001900255855,2,NA,NA,0.01,10190007014329,390,39004,1019,CLP,46.308798978859116,poi_center,NA,NA,NA,NA,NA,NA,40.57691241484873,-105.03277539713906
316,128076242,23001900255856,2,00177391,Dixon Reservoir,0.202,10190007002465,390,39004,1019,CLP,131.74659737139984,poi_center,NA,NA,NA,NA,NA,NA,40.55249801460048,-105.14179684231637
317,128076317,23001900255857,2,NA,NA,0.036000000000000004,10190007002506,390,39004,1019,CLP,48.42876300068699,poi_center,NA,NA,NA,NA,NA,NA,40.54806748804777,-104.92335480670019
318,128075376,23001900256272,2,00199713,Park Creek Reservoir Number 2,0.058,10190007002249,390,39004,1019,CLP,93.51619712132367,poi_center,NA,NA,NA,NA,NA,NA,40.82087679656654,-105.14396294049698
319,128075576,23001900256276,2,NA,NA,0.02,10190007002296,390,39004,1019,CLP,63.09533604559825,poi_center,NA,NA,NA,NA,NA,NA,40.73286058366879,-105.12055959393227
320,128075843,23001900256280,2,NA,NA,0.012,10190007014094,390,39001,1019,CLP,35.00187552219495,poi_center,NA,NA,NA,NA,NA,NA,40.664786309958096,-104.97087775037473
321,128075565,23001900236198,2,00177223,Spitzer Lake,0.062,10190007002291,390,39004,1019,CLP,99.18811888500885,poi_center,NA,NA,NA,NA,NA,NA,40.74334430841482,-105.09599343422302
322,128075641,23001900236199,2,NA,NA,0.016,10190007002311,390,39004,1019,CLP,61.09167919800214,poi_center,NA,NA,NA,NA,NA,NA,40.7144078826969,-105.0556023428533
323,128075259,23001900236193,2,NA,NA,0.012,10190007002224,390,39004,1019,CLP,44.00685793674386,poi_center,NA,NA,NA,NA,NA,NA,40.84678387513449,-105.5242763734556
324,128075346,23001900236624,2,NA,NA,0.01,10190007013740,390,39004,1019,CLP,32.45815274328482,poi_center,NA,NA,NA,NA,NA,NA,40.824675230632955,-105.26433617847785
325,128075484,23001900236625,2,NA,NA,0.011000000000000001,10190007002271,390,39001,1019,CLP,43.204432653510636,poi_center,NA,NA,NA,NA,NA,NA,40.77456665589723,-105.13577274860052
326,128075753,23001900236256,2,00177255,Blue Lake,0.065,10190007025452,390,39004,1019,CLP,108.7615636910945,poi_center,NA,NA,NA,NA,NA,NA,40.61876626884062,-105.90514759137477
327,bf9c4476-65f8-44eb-8049-de52e4b44578,23001900236258,2,00180575,Oklahoma Reservoir,0.185,10190007025738,390,39011,1019,CLP,208.83847579174446,poi_center,NA,NA,NA,NA,NA,NA,40.425514309753424,-104.94112405028127
328,128075354,23001900248312,2,00170225,Red Feather Lake,0.042,10190007002245,390,39004,1019,CLP,86.24789539762625,poi_center,NA,NA,NA,NA,NA,NA,40.795904331757534,-105.58969591091612
329,128076482,23001900239714,2,00177729,Robert Benson Lake,0.203,10190007002564,390,39004,1019,CLP,190.38022949294455,poi_center,NA,NA,NA,NA,NA,NA,40.486936611184674,-105.07437023882044
330,128074991,23001900247891,2,NA,NA,0.011000000000000001,10190007013410,390,39004,1019,CLP,39.768178519929876,poi_center,NA,NA,NA,NA,NA,NA,41.003788858258154,-105.3417285619636
331,128075622,23001900247898,2,NA,NA,0.012,10190007013940,390,39004,1019,CLP,29.838113757846102,poi_center,NA,NA,NA,NA,NA,NA,40.71796291028176,-105.09200923669121
332,128075698,23001900247899,2,NA,NA,0.01,10190007013997,390,39001,1019,CLP,44.14333788852764,poi_center,NA,NA,NA,NA,NA,NA,40.702805246007756,-105.0283322758143
333,128076024,23001900247903,2,00180461,Lillie Reservoir,0.019,10190007002410,390,39001,1019,CLP,63.89905813878559,poi_center,NA,NA,NA,NA,NA,NA,40.62565957111119,-104.91780516697776
334,128075763,23001900237508,2,00177219,Rocky Ridge Lake Reservoir Number 1,0.872,10190007002360,390,39009,1019,CLP,342.44414917945187,poi_center,NA,NA,NA,NA,NA,NA,40.67312720896034,-105.0857627998592
335,128076485,23001900238377,2,00202498,Fossil Creek Reservoir,2.709,10190007002635,390,39004,1019,CLP,442.29340415964236,poi_center,NA,NA,NA,NA,NA,NA,40.49111123526614,-105.0076149400417
336,128075307,23001900242975,2,00201735,Lake Nokomis,0.052000000000000005,10190007002234,390,39004,1019,CLP,80.39591580699347,poi_center,NA,NA,NA,NA,NA,NA,40.81653738303197,-105.58678550246856
337,128075586,23001900242977,2,00199697,North Poudre Reservoir Number 1,0.332,10190007002298,390,39004,1019,CLP,231.1058746333976,poi_center,NA,NA,NA,NA,NA,NA,40.72974316202746,-105.12868211223413
338,128075596,23001900242978,2,NA,NA,0.023,10190007002302,390,39004,1019,CLP,63.349481575963964,poi_center,NA,NA,NA,NA,NA,NA,40.736852002192045,-104.95096855431329
339,128075934,23001900246754,2,NA,NA,0.013000000000000001,10190007025485,390,39004,1019,CLP,50.14729573874264,poi_center,NA,NA,NA,NA,NA,NA,40.57574016494821,-105.8771477950112
340,128076467,23001900246757,2,00180507,Lake Canal Reservoir Number 1,0.153,10190007002553,436,43613,1019,CLP,159.99695694045778,poi_center,NA,NA,NA,NA,NA,NA,40.506029868284024,-104.93483154525673
341,128076452,23001900242540,2,00200285,Law Reservoir,0.055,10190007002540,436,43613,1019,CLP,90.53547775183605,poi_center,NA,NA,NA,NA,NA,NA,40.51519109788506,-104.85247414998133
342,128075961,23001900245920,2,00180468,Cobb Lake,2.7720000000000002,10190007002392,390,39009,1019,CLP,666.0160476656978,poi_center,NA,NA,NA,NA,NA,NA,40.6404040338664,-104.96539463809683
343,128076183,23001900246334,2,NA,NA,0.168,10190007014336,390,39004,1019,CLP,141.90445935630532,poi_center,NA,NA,NA,NA,NA,NA,40.571054329873284,-105.02568223522289
344,128076436,23001900246336,2,00180540,Franklin Lake,0.158,10190007002549,390,39009,1019,CLP,134.40163727988315,poi_center,NA,NA,NA,NA,NA,NA,40.51764017912077,-104.84161224334973
345,128076523,23001900246338,2,00180643,Seeley Lake,0.509,10190007002584,390,39004,1019,CLP,311.29341870312044,poi_center,NA,NA,NA,NA,NA,NA,40.46581010396089,-104.73566492949313
346,128076524,23001900246339,2,00202729,Neuman Lake,0.17400000000000002,10190007002622,390,39009,1019,CLP,185.99137992004606,poi_center,NA,NA,NA,NA,NA,NA,40.468916286192844,-104.75107136748782
347,128075721,23001900245112,2,NA,NA,0.041,10190007002330,390,39004,1019,CLP,74.00306019735173,poi_center,NA,NA,NA,NA,NA,NA,40.70044441442876,-104.9735848282458
348,128075766,23001900246750,2,NA,NA,0.019,10190007002349,390,39004,1019,CLP,37.99235999245294,poi_center,NA,NA,NA,NA,NA,NA,40.66699079966913,-105.19602600211586
349,128075378,23001900249620,2,00170218,Windy Gap Lake,0.032,10190007002251,390,39004,1019,CLP,56.450634214912135,poi_center,NA,NA,NA,NA,NA,NA,40.79352786151174,-105.51771251302661
350,128076556,23001900246759,2,NA,NA,0.029,10190007014577,390,39004,1019,CLP,75.47857965985465,poi_center,NA,NA,NA,NA,NA,NA,40.44496728675,-104.71236754251478
351,128076435,23001900248761,2,00201273,Portner Reservoir,0.2,10190007002537,390,39009,1019,CLP,153.3458141525737,poi_center,NA,NA,NA,NA,NA,NA,40.503957562230816,-105.06265283971535
352,128076091,23001900249144,2,NA,NA,0.063,10190007002434,390,39004,1019,CLP,98.40340824371927,poi_center,NA,NA,NA,NA,NA,NA,40.603220994912064,-104.97565028040137
353,128074942,23001900245911,2,NA,NA,0.061000000000000006,10190007013362,390,39004,1019,CLP,116.03864360792016,poi_center,NA,NA,NA,NA,NA,NA,41.03749621346156,-105.254273322615
354,128075506,23001900249567,2,NA,NA,0.019,10190007013864,390,39001,1019,CLP,42.24040784527187,poi_center,NA,NA,NA,NA,NA,NA,40.7616816820615,-105.09849661469335
355,128076652,23001900245167,2,NA,NA,0.029,10190007025466,390,39004,1019,CLP,42.5806264654507,poi_center,NA,NA,NA,NA,NA,NA,40.39060330198259,-104.74112401993361
356,128076061,23001900246331,2,NA,NA,0.138,10190007002427,390,39009,1019,CLP,178.7622504006978,poi_center,NA,NA,NA,NA,NA,NA,40.61414274045852,-104.94176151835494
357,128075626,23001900250035,2,00198441,Seaman Reservoir,0.507,10190007002301,390,39009,1019,"CLP, ROSS_CLP",176.03341611152064,poi_center,NA,NA,NA,NA,NA,NA,40.70786751413055,-105.23313955323727
358,128075792,23001900248752,2,NA,NA,0.016,10190007014060,390,39001,1019,CLP,47.82682713933238,poi_center,NA,NA,NA,NA,NA,NA,40.674121799857595,-105.03926031671458
359,128076065,23001900248755,2,NA,NA,0.026000000000000002,10190007002428,390,39004,1019,CLP,70.43097325542772,poi_center,NA,NA,NA,NA,NA,NA,40.60275234762667,-105.09203014182441
360,128075466,23001900248316,2,00172458,Boxelder Reservoir Number 1,0.10500000000000001,10190007002267,390,39004,1019,CLP,125.75935052780036,poi_center,NA,NA,NA,NA,NA,NA,40.78873879255953,-105.05728492280625
361,128075775,23001900249572,2,NA,NA,0.012,10190007002348,390,39004,1019,CLP,45.743252422614454,poi_center,NA,NA,NA,NA,NA,NA,40.683402803803155,-104.97368909933816
362,128076007,23001900249576,2,NA,NA,0.016,10190007014222,390,39004,1019,CLP,42.86976653251619,poi_center,NA,NA,NA,NA,NA,NA,40.613687015050296,-105.10875085694714
363,128076579,23001900249590,2,NA,NA,0.018000000000000002,10190007002603,390,39004,1019,CLP,59.59791053768566,poi_center,NA,NA,NA,NA,NA,NA,40.42819983238449,-104.79860245541141
364,128076278,23001900248326,2,00180543,Clark Lake,0.14,10190007002486,390,39004,1019,CLP,173.37300685449497,poi_center,NA,NA,NA,NA,NA,NA,40.576451186931266,-104.7022166890566
365,128075510,23001900238777,2,00198437,Martin Seepage Reservoir Number 2,0.051000000000000004,10190007002277,390,39004,1019,CLP,66.51336424513306,poi_center,NA,NA,NA,NA,NA,NA,40.75723215292865,-105.11110059385216
366,128075608,23001900238779,2,NA,NA,0.014,10190007002304,390,39001,1019,CLP,52.614757879571364,poi_center,NA,NA,NA,NA,NA,NA,40.72102310806281,-105.1160091700257
367,128076186,23001900247905,2,NA,NA,0.048,10190007014339,390,39004,1019,CLP,99.09042999612481,poi_center,NA,NA,NA,NA,NA,NA,40.57129066787277,-105.0408723601237
368,128076421,23001900247909,2,NA,NA,0.04,10190007002533,390,39004,1019,CLP,85.10846699077969,poi_center,NA,NA,NA,NA,NA,NA,40.51654095788998,-104.99579967739183
369,128076439,23001900247910,2,NA,NA,0.015000000000000001,10190007002539,390,39001,1019,CLP,51.38383349773438,poi_center,NA,NA,NA,NA,NA,NA,40.521947471262244,-104.83467132476933
370,128075673,23001900242096,2,NA,NA,0.032,10190007002322,390,39004,1019,CLP,60.166476424950176,poi_center,NA,NA,NA,NA,NA,NA,40.71307522708167,-104.97175833315563
371,128075826,23001900242098,2,NA,NA,0.045000000000000005,10190007002367,390,39004,1019,CLP,84.25657136882795,poi_center,NA,NA,NA,NA,NA,NA,40.657319779625105,-105.12759390898113
372,128075891,23001900242099,2,00177213,Black Lake,0.066,10190007002382,390,39001,1019,CLP,94.38347308440297,poi_center,NA,NA,NA,NA,NA,NA,40.64406987481406,-105.07801714201378
373,128076637,23001900245125,2,NA,NA,0.013000000000000001,10190007002627,390,39004,1019,CLP,37.036931657864876,poi_center,NA,NA,NA,NA,NA,NA,40.39989123688669,-104.84825148522442
374,128074937,23001900241670,2,NA,NA,0.313,10190007013349,390,39009,1019,CLP,201.0616099312079,poi_center,NA,NA,NA,NA,NA,NA,41.03793795593452,-105.26661793176173
375,128075342,23001900242094,2,00170223,Hiawatha Lake,0.116,10190007002240,390,39004,1019,CLP,123.92527904598666,poi_center,NA,NA,NA,NA,NA,NA,40.80195086592115,-105.59578565080305
376,128075845,23001900244262,2,00177211,Dixon Reservoir,0.161,10190007002374,390,39004,1019,CLP,144.3789053907716,poi_center,NA,NA,NA,NA,NA,NA,40.65551508280846,-105.07810041050462
377,128076124,23001900244266,2,NA,NA,0.06,10190007002447,390,39004,1019,CLP,91.0126308084623,poi_center,NA,NA,NA,NA,NA,NA,40.58256827691702,-105.10350539980965
378,128076345,23001900244267,2,NA,NA,0.011000000000000001,10190007014449,390,39001,1019,CLP,49.28811341213575,poi_center,NA,NA,NA,NA,NA,NA,40.541905677822534,-104.9126040845512
379,128076475,23001900244271,2,NA,NA,0.046,10190007002558,390,39004,1019,CLP,92.5579876217296,poi_center,NA,NA,NA,NA,NA,NA,40.4923971586233,-105.0665443582309
380,128076533,23001900244272,2,NA,NA,0.012,10190007002586,390,39004,1019,CLP,49.574674424795745,poi_center,NA,NA,NA,NA,NA,NA,40.442494096790355,-104.87343902891222
381,128075629,23001900249139,2,00199699,North Poudre Reservoir Number 2,1.0030000000000001,10190007002313,390,39004,1019,CLP,332.06027233987334,poi_center,NA,NA,NA,NA,NA,NA,40.7204278394701,-105.05509468522249
382,128075877,23001900249141,2,00177304,Browns Lake,0.075,10190007002375,390,39004,1019,CLP,136.0888421893599,poi_center,NA,NA,NA,NA,NA,NA,40.60336087198867,-105.68661583409093
383,128076510,23001900238790,2,NA,NA,0.047,10190007002573,390,39004,1019,CLP,84.20376782646979,poi_center,NA,NA,NA,NA,NA,NA,40.486971346327685,-104.76767066399873
384,128076540,23001900238791,2,NA,NA,0.05,10190007002587,390,39004,1019,CLP,59.4199811519662,poi_center,NA,NA,NA,NA,NA,NA,40.451007617139794,-104.708933232126
385,128075235,23001900244310,2,00197770,Panhandle Reservoir,0.2,10190007002222,390,39004,1019,CLP,160.72009934411338,poi_center,NA,NA,NA,NA,NA,NA,40.85224313217696,-105.64869781611992
386,128076412,23001900248331,2,00180537,Roulard Lake,0.064,10190007002531,390,39009,1019,CLP,70.93353505029107,poi_center,NA,NA,NA,NA,NA,NA,40.52977247547229,-104.82467963149008
387,128076163,23001900238786,2,NA,NA,0.049,10190007002454,390,39004,1019,CLP,99.00793782452969,poi_center,NA,NA,NA,NA,NA,NA,40.583318165696305,-104.97162124419711
388,128076617,23001900242113,2,NA,NA,0.039,10190007002611,390,39004,1019,CLP,69.20306776692374,poi_center,NA,NA,NA,NA,NA,NA,40.42010058861406,-104.64575629190422
389,128075276,23001900237928,2,NA,NA,0.013000000000000001,10190007002228,390,39001,1019,CLP,33.6283961904712,poi_center,NA,NA,NA,NA,NA,NA,40.86034282865985,-105.24256126557601
390,128075746,23001900242525,2,NA,NA,0.032,10190007002336,390,39004,1019,CLP,49.437144932360525,poi_center,NA,NA,NA,NA,NA,NA,40.69102905271957,-104.97968870509209
391,128075669,23001900241683,2,NA,NA,0.01,10190007002321,390,39009,1019,CLP,33.78349850920008,poi_center,NA,NA,NA,NA,NA,NA,40.65315491780466,-105.79065286540624
392,128076379,23001900240922,2,NA,NA,0.022000000000000002,10190007002520,390,39004,1019,CLP,54.34087595250148,poi_center,NA,NA,NA,NA,NA,NA,40.47736931061497,-105.69268965147026
393,128076162,23001900242103,2,NA,NA,0.033,10190007014319,390,39004,1019,CLP,78.67218026041412,poi_center,NA,NA,NA,NA,NA,NA,40.57899172383143,-105.04961012512582
394,128076265,23001900242106,2,NA,NA,0.043000000000000003,10190007002482,390,39004,1019,CLP,37.83521260381993,poi_center,NA,NA,NA,NA,NA,NA,40.55569765094717,-105.02247524056949
395,128076289,23001900242107,2,NA,NA,0.026000000000000002,10190007014414,390,39004,1019,CLP,47.152028696695304,poi_center,NA,NA,NA,NA,NA,NA,40.55206291661857,-105.00854058054183
396,128076478,23001900242111,2,NA,NA,0.041,10190007002560,390,39004,1019,CLP,80.32243850107456,poi_center,NA,NA,NA,NA,NA,NA,40.508051435400226,-104.8328439309945
397,128074916,23001900242512,2,NA,NA,0.015000000000000001,10190007013337,390,39004,1019,CLP,60.67661737331577,poi_center,NA,NA,NA,NA,NA,NA,41.044117566849756,-105.2966045771744
398,128074987,23001900242513,2,NA,NA,0.011000000000000001,10190007013406,390,39004,1019,CLP,42.351700727101026,poi_center,NA,NA,NA,NA,NA,NA,41.01060662403746,-105.25928564506724
399,128075571,23001900249138,2,NA,NA,0.02,10190007002293,390,39004,1019,CLP,66.37404433713316,poi_center,NA,NA,NA,NA,NA,NA,40.74737312967705,-104.9808376342776
400,128075226,23001900250465,2,00170127,Halligan Reservoir,1.0370000000000001,10190007002219,390,39009,1019,"CLP, ROSS_CLP",296.47534263547743,poi_center,NA,NA,NA,NA,NA,NA,40.88128761068706,-105.34847179506357
401,128075899,23001900239229,2,NA,NA,0.011000000000000001,10190007014137,390,39001,1019,CLP,35.370359864249124,poi_center,NA,NA,NA,NA,NA,NA,40.647601846501495,-105.01390577164393
402,128075291,23001900249133,2,NA,NA,0.017,10190007002232,390,39001,1019,CLP,51.87412800395049,poi_center,NA,NA,NA,NA,NA,NA,40.854291156378906,-105.19930587133155
403,128075311,23001900249134,2,NA,NA,0.013000000000000001,10190007013710,390,39001,1019,CLP,35.49621380927725,poi_center,NA,NA,NA,NA,NA,NA,40.854679997167665,-105.0107984207911
404,128075363,23001900249136,2,00170227,Dowdy Lake,0.42100000000000004,10190007002244,390,39009,1019,CLP,180.62967824828613,poi_center,NA,NA,NA,NA,NA,NA,40.7973314193518,-105.55851566919485
405,128076431,23001900249152,2,00180538,Angel Lake,0.135,10190007002536,390,39009,1019,CLP,153.10746116979925,poi_center,NA,NA,NA,NA,NA,NA,40.52644759482462,-104.81857193299733
406,128076515,23001900249155,2,NA,NA,0.026000000000000002,10190007002578,390,39004,1019,CLP,54.07108019598509,poi_center,NA,NA,NA,NA,NA,NA,40.46966468641956,-104.95066294292779
407,128076546,23001900249157,2,NA,NA,0.01,10190007002590,390,39004,1019,CLP,38.217962877614795,poi_center,NA,NA,NA,NA,NA,NA,40.4380815357005,-104.86422493486926
408,128075762,23001900239281,2,00177238,Hang Lake,0.012,10190007025479,390,39004,1019,CLP,50.35011119370784,poi_center,NA,NA,NA,NA,NA,NA,40.61705676624269,-105.91085981139256
409,128076303,23001900243386,2,NA,NA,0.033,10190007014419,390,39004,1019,CLP,75.79071815359761,poi_center,NA,NA,NA,NA,NA,NA,40.546789785363615,-105.01841480044118
410,128076415,23001900243390,2,NA,NA,0.017,10190007002530,390,39004,1019,CLP,61.89307408306278,poi_center,NA,NA,NA,NA,NA,NA,40.51871557391456,-104.98776435041817
411,128076292,23001900239232,2,NA,NA,0.099,10190007002497,390,39009,1019,CLP,144.11634909221252,poi_center,NA,NA,NA,NA,NA,NA,40.56725438994044,-104.76855332633761
412,128076394,23001900239233,2,NA,NA,0.013000000000000001,10190007014480,390,39004,1019,CLP,30.60516014641105,poi_center,NA,NA,NA,NA,NA,NA,40.51955553489822,-105.07104528499963
413,128076003,23001900242532,2,NA,NA,0.038,10190007014218,390,39004,1019,CLP,76.38274312040032,poi_center,NA,NA,NA,NA,NA,NA,40.614102623320704,-105.10609913991257
414,128076102,23001900242533,2,NA,NA,0.011000000000000001,10190007014281,390,39004,1019,CLP,43.27137409544472,poi_center,NA,NA,NA,NA,NA,NA,40.55434065207885,-105.60321783985151
415,128076445,23001900242539,2,NA,NA,0.037000000000000005,10190007002541,390,39004,1019,CLP,95.86231911502382,poi_center,NA,NA,NA,NA,NA,NA,40.50653428025952,-105.0261153175262
416,128075885,23001900243381,2,00177191,Watson Lake,0.155,10190007002384,390,39004,1019,CLP,109.08316360688603,poi_center,NA,NA,NA,NA,NA,NA,40.63538436202995,-105.1693965561997
417,128076217,23001900243384,2,00180517,Mahood Reservoir,0.056,10190007002462,436,43613,1019,CLP,111.18112083659783,poi_center,NA,NA,NA,NA,NA,NA,40.57578211197622,-104.88878662907216
418,128076416,23001900243391,2,00180505,Thompson Lake,0.22,10190007002528,390,39004,1019,CLP,226.9681237812002,poi_center,NA,NA,NA,NA,NA,NA,40.52284765928056,-104.8999193561506
419,128075735,23001900246746,2,NA,NA,0.02,10190007002335,390,39001,1019,CLP,59.48477850024379,poi_center,NA,NA,NA,NA,NA,NA,40.690036749048375,-105.07217795911718
420,128075908,23001900242529,2,NA,NA,0.039,10190007002387,390,39001,1019,CLP,82.24583249813098,poi_center,NA,NA,NA,NA,NA,NA,40.64072446411133,-105.06736213486238
421,128075495,23001900246324,2,00198407,Barrett Reservoir,0.018000000000000002,10190007002272,390,39004,1019,CLP,56.07097392110443,poi_center,NA,NA,NA,NA,NA,NA,40.77361978674433,-105.05113898219437
422,128075628,23001900246325,2,00199703,North Poudre Reservoir Number 4,0.41200000000000003,10190007002312,390,39009,1019,CLP,291.2498172307032,poi_center,NA,NA,NA,NA,NA,NA,40.71889967092711,-105.03379544406619
423,128075696,23001900246326,2,NA,NA,0.022000000000000002,10190007002326,390,39009,1019,CLP,67.43024671821242,poi_center,NA,NA,NA,NA,NA,NA,40.64635597678127,-105.78830379510562
424,128075711,23001900246327,2,NA,NA,0.043000000000000003,10190007002331,390,39004,1019,CLP,84.49404946813513,poi_center,NA,NA,NA,NA,NA,NA,40.691474472349064,-105.13910168968323
425,128075433,23001900246742,2,NA,NA,0.026000000000000002,10190007002263,390,39004,1019,CLP,62.74563057423655,poi_center,NA,NA,NA,NA,NA,NA,40.7708681475177,-105.52689882064135
426,128075750,23001900246749,2,NA,NA,0.021,10190007002340,390,39001,1019,CLP,52.31824753963782,poi_center,NA,NA,NA,NA,NA,NA,40.68465946132359,-105.05678498409897
427,128075823,23001900241686,2,NA,NA,0.054,10190007002366,436,43604,1019,CLP,88.44567244188981,poi_center,NA,NA,NA,NA,NA,NA,40.658098975381485,-105.13110428316536
428,128076022,23001900241688,2,NA,NA,0.023,10190007014232,390,39004,1019,CLP,65.49668571495776,poi_center,NA,NA,NA,NA,NA,NA,40.61366337897385,-105.08930423233443
429,128076036,23001900241689,2,NA,NA,0.10400000000000001,10190007002420,390,39004,1019,CLP,137.94422735174282,poi_center,NA,NA,NA,NA,NA,NA,40.60935308169226,-105.10284746419687
430,128076114,23001900241692,2,NA,NA,0.019,10190007002440,390,39001,1019,CLP,65.70519256264218,poi_center,NA,NA,NA,NA,NA,NA,40.59764352957457,-104.9736817228637
431,128076273,23001900241694,2,NA,NA,0.025,10190007002484,390,39001,1019,CLP,56.40679416594224,poi_center,NA,NA,NA,NA,NA,NA,40.571593926953504,-104.78347511598872
432,128076511,23001900241695,2,00177730,Nelson Reservoir,0.161,10190007002574,390,39004,1019,CLP,150.58063543354393,poi_center,NA,NA,NA,NA,NA,NA,40.46889225878364,-105.01543888929041
433,128076589,23001900241696,2,NA,NA,0.056,10190007002606,390,39004,1019,CLP,97.22764807356936,poi_center,NA,NA,NA,NA,NA,NA,40.42348405061259,-104.67434073876348
434,128075402,23001900246323,2,NA,NA,0.03,10190007002631,390,39001,1019,CLP,72.15867982562723,poi_center,NA,NA,NA,NA,NA,NA,40.80508857630336,-105.25007639495246
435,128076160,23001900236207,2,00180509,Baker Lake,0.075,10190007002453,390,39004,1019,CLP,101.235202250582,poi_center,NA,NA,NA,NA,NA,NA,40.58461033322961,-104.98339735408146
436,128075898,23001900236630,2,00177230,Bartel Reservoir,0.082,10190007002383,390,39001,1019,CLP,126.133140223849,poi_center,NA,NA,NA,NA,NA,NA,40.64661225580993,-105.01850188045657
437,128076245,23001900236637,2,NA,NA,0.036000000000000004,10190007014387,390,39004,1019,CLP,68.0994619731559,poi_center,NA,NA,NA,NA,NA,NA,40.56175898978129,-105.02106619785779
438,128075822,23001900236628,2,NA,NA,0.03,10190007013214,436,43612,1019,CLP,53.27351739866041,poi_center,NA,NA,NA,NA,NA,NA,40.653982254895936,-105.19173246382717
439,120819384,23001900233298,2,00178025,Pinewood Lake,0.369,10190006000842,390,39009,1019,NW,143.55497732786554,poi_center,NA,NA,NA,NA,NA,NA,40.36239578465693,-105.28450866746667
440,120819364,23001900256755,2,00177903,Marys Lake,0.151,10190006000859,390,39004,1019,NW,142.78328650932852,poi_center,NA,NA,NA,NA,NA,NA,40.344421778571494,-105.53224802800608
441,120819373,23001900251557,2,00178052,Flatiron Reservoir,0.167,10190006000843,390,39009,1019,NW,139.89371295663483,poi_center,NA,NA,NA,NA,NA,NA,40.37139208738741,-105.2301695930093
442,128058372,23001900240530,2,00178708,Boulder Reservoir,2.1710000000000003,10190005001168,390,39009,1019,NW,605.2825273018692,poi_center,NA,NA,NA,NA,NA,NA,40.07986758472062,-105.21992396190043
443,120819176,23001900236690,2,00202477,Lake Estes,0.561,10190006000816,390,39009,1019,NW,216.0654516130913,poi_center,NA,NA,NA,NA,NA,NA,40.37598171736841,-105.49067536960045
444,120819486,23001900245424,2,00178047,Carter Lake Reservoir,4.533,10190006000870,390,39009,1019,NW,673.7048900903553,poi_center,NA,NA,NA,NA,NA,NA,40.343941967152446,-105.21656033720026
445,88880859,41000300136226,2,00178135,Shadow Mountain Lake,5.32105345,14010001002847,436,43615,1401,NW,368.98124870809653,poi_center,NA,NA,NA,NA,NA,NA,40.21035202041787,-105.84765338445727
446,88861035,41000300136678,2,00197899,Windy Gap Reservoir,0.41397711,14010001010337,436,43615,1401,NW,132.03641360094224,poi_center,NA,NA,NA,NA,NA,NA,40.102707384294355,-105.98133751734053
447,79947672,41000300139362,2,00196488,Green Mountain Reservoir,8.27371764,14010002000670,390,39012,1401,NW,415.13297067020545,poi_center,NA,NA,NA,NA,NA,NA,39.87925403583574,-106.31115949131124
448,88889631,41000300142284,2,00178088,Willow Creek Reservoir,1.18222999,14010001002871,436,43615,1401,NW,292.7258317219594,poi_center,NA,NA,NA,NA,NA,NA,40.147098067361306,-105.95237287994027
449,88894713,41000300145847,2,00202532,Lake Granby,28.63147574,14010001002895,436,43615,1401,NW,1138.1215692775863,poi_center,NA,NA,NA,NA,NA,NA,40.16430631405244,-105.87893638430232
450,{B483B704-53F3-41B5-B65A-401D555B16C8},41000300146803,2,00204950,Grand Lake,1.9529575,14010001023630,390,39009,1401,NW,468.08229907467273,poi_center,NA,NA,NA,NA,NA,NA,40.245286173290964,-105.81946424196727
451,128076370,23001900243024,2,00177416,Horsetooth Reservoir,7.355,10190007002437,390,39009,1019,"CLP, NW, ROSS_CLP",450.88669790426985,poi_center,NA,NA,NA,NA,NA,NA,40.55411487321677,-105.1544037934793
452,{B483B704-53F3-41B5-B65A-401D555B16C8},41000300146803,2,00204950,Grand Lake,1.9529575,14010001023630,390,39009,1401,NW,NA,station,GL-ATW,GrandLakeWestPortal,N,West,NA,131,40.2411,-105.8045
453,{B483B704-53F3-41B5-B65A-401D555B16C8},41000300146803,2,00204950,Grand Lake,1.9529575,14010001023630,390,39009,1401,NW,NA,station,GL-MID,GrandLakeMid-Section,N,West,NA,417,40.2433,-105.8133
454,{B483B704-53F3-41B5-B65A-401D555B16C8},41000300146803,2,00204950,Grand Lake,1.9529575,14010001023630,390,39009,1401,NW,NA,station,GL-WES,GrandLakeWest,N,West,manually added,163,40.2422,-105.8217
455,{B483B704-53F3-41B5-B65A-401D555B16C8},41000300146803,2,00204950,Grand Lake,1.9529575,14010001023630,390,39009,1401,NW,NA,station,GL-KEM,GrandLakeKEM,N,West,manually added,133,40.2493,-105.8231
456,{B483B704-53F3-41B5-B65A-401D555B16C8},41000300146803,2,00204950,Grand Lake,1.9529575,14010001023630,390,39009,1401,NW,NA,station,GL-SB,GrandLakeSB,N,West,manually added,114,40.2489,-105.8182
457,{B483B704-53F3-41B5-B65A-401D555B16C8},41000300146803,2,00204950,Grand Lake,1.9529575,14010001023630,390,39009,1401,NW,NA,station,GL-NI,GrandLakeNorthInlet,N,West,manually added,190,40.2469,-105.8159
458,{B483B704-53F3-41B5-B65A-401D555B16C8},41000300146803,2,00204950,Grand Lake,1.9529575,14010001023630,390,39009,1401,NW,NA,station,GL-NB,GrandLakeNB,N,West,manually added,389,40.2446,-105.8136
459,{B483B704-53F3-41B5-B65A-401D555B16C8},41000300146803,2,00204950,Grand Lake,1.9529575,14010001023630,390,39009,1401,NW,NA,station,GL-AR,GrandLakeAR,N,West,manually added,113,40.2386,-105.809
460,{B483B704-53F3-41B5-B65A-401D555B16C8},41000300146803,2,00204950,Grand Lake,1.9529575,14010001023630,390,39009,1401,NW,NA,station,GL-EI,GrandLakeEastInlet,N,West,manually added,136,40.2372,-105.8049
461,88894713,41000300145847,2,00202532,Lake Granby,28.63147574,14010001002895,436,43615,1401,NW,NA,station,GR-FAR,GranbyReservoirFarrPumpPlant,NA,NA,guess,345,40.175,-105.8697
462,88894713,41000300145847,2,00202532,Lake Granby,28.63147574,14010001002895,436,43615,1401,NW,NA,station,GR-PUMP,GranbyReservoirPUMP,NA,NA,guess,345,40.175,-105.8697
463,88894713,41000300145847,2,00202532,Lake Granby,28.63147574,14010001002895,436,43615,1401,NW,NA,station,GR-DAM,GranbyReservoirneartheDam,N,West,NA,189,40.1497,-105.8649
464,88894713,41000300145847,2,00202532,Lake Granby,28.63147574,14010001002895,436,43615,1401,NW,NA,station,GR-EAS,GranbyReservoirontheEastSide,N,West,NA,456,40.135,-105.7964
465,88894713,41000300145847,2,00202532,Lake Granby,28.63147574,14010001002895,436,43615,1401,NW,NA,station,GR-WES,GranbyReservoirontheWestSide,N,West,NA,345,40.175,-105.8697
466,88894713,41000300145847,2,00202532,Lake Granby,28.63147574,14010001002895,436,43615,1401,NW,NA,station,GR-N1,GranbyReservoirNorth,N,West,manually added,634,40.1766,-105.8773
467,{B483B704-53F3-41B5-B65A-401D555B16C8},41000300146803,2,00204950,Grand Lake,1.9529575,14010001023630,390,39009,1401,NW,NA,station,SM-CHL,ShadowMountainChannelinGrandLakeatchannelmouth,Y,West,NA,111,40.2445,-105.82470000000001
468,{B483B704-53F3-41B5-B65A-401D555B16C8},41000300146803,2,00204950,Grand Lake,1.9529575,14010001023630,390,39009,1401,NW,NA,station,GL-CHL,GrandLakeChannelMouthinGrandLake,Y,West,manually added,9,40.2446,-105.8259
469,88880859,41000300136226,2,00178135,Shadow Mountain Lake,5.32105345,14010001002847,436,43615,1401,NW,NA,station,SM-CMK,ShadowMountainChipmunkLane,Y,West,manually added,14,40.2461,-105.8279
470,88880859,41000300136226,2,00178135,Shadow Mountain Lake,5.32105345,14010001002847,436,43615,1401,NW,NA,station,SM-CEN,ShadowMountanCEN,NA,NA,guess,487,40.2321,-105.8419
471,88880859,41000300136226,2,00178135,Shadow Mountain Lake,5.32105345,14010001002847,436,43615,1401,NW,NA,station,SM-DAM,ShadowMountainReservoirneartheDam,N,West,NA,125,40.2101,-105.8421
472,88880859,41000300136226,2,00178135,Shadow Mountain Lake,5.32105345,14010001002847,436,43615,1401,NW,NA,station,SM-ISL,ShadowMountainISL,NA,NA,guess,84,40.2169,-105.8464
473,88880859,41000300136226,2,00178135,Shadow Mountain Lake,5.32105345,14010001002847,436,43615,1401,NW,NA,station,SM-MID,ShadowMountainReservoirMid-Section,N,West,NA,83,40.2252,-105.8372
474,88880859,41000300136226,2,00178135,Shadow Mountain Lake,5.32105345,14010001002847,436,43615,1401,NW,NA,station,SM-NE1,ShadowMountainNE1,NA,NA,guess,221,40.2402,-105.8313
475,88880859,41000300136226,2,00178135,Shadow Mountain Lake,5.32105345,14010001002847,436,43615,1401,NW,NA,station,SM-NOR,ShadowMountainReservoirNorth,N,West,manually added,271,40.2459,-105.8348
476,88880859,41000300136226,2,00178135,Shadow Mountain Lake,5.32105345,14010001002847,436,43615,1401,NW,NA,station,SM-NOR2,ShadowMountainReservoirNorth2,N,West,manually added,108,40.2446,-105.8394
477,88880859,41000300136226,2,00178135,Shadow Mountain Lake,5.32105345,14010001002847,436,43615,1401,NW,NA,station,SM-NW1,ShadowMountainReservoirNorthWest,N,West,manually added,369,40.2381,-105.8409
478,88880859,41000300136226,2,00178135,Shadow Mountain Lake,5.32105345,14010001002847,436,43615,1401,NW,NA,station,SM-PIC,ShadowMoutainPicnicSite,NA,NA,guess,54,40.2125,-105.8543
479,88880859,41000300136226,2,00178135,Shadow Mountain Lake,5.32105345,14010001002847,436,43615,1401,NW,NA,station,SM-SOU,ShadowMountainSOU,NA,NA,guess,341,40.2105,-105.8469
480,88880859,41000300136226,2,00178135,Shadow Mountain Lake,5.32105345,14010001002847,436,43615,1401,NW,NA,station,SM-TRM,ShadowMoutainTrailRidgeMarina,NA,NA,guess,51,40.2255,-105.8516
481,88889631,41000300142284,2,00178088,Willow Creek Reservoir,1.18222999,14010001002871,436,43615,1401,NW,NA,station,WC-DAM,WillowCreekReservoiratDam,N,West,edited,74,40.148,-105.9426
482,88861035,41000300136678,2,00197899,Windy Gap Reservoir,0.41397711,14010001010337,436,43615,1401,NW,NA,station,WG-DAM,WindyGapReservoiratDam,N,West,edited,61,40.1067,-105.9831
483,120819486,23001900245424,2,00178047,Carter Lake Reservoir,4.533,10190006000870,390,39009,1019,NW,NA,station,CL-DAM1,CarterLakeDam#1,N,East,NA,265,40.3253,-105.2152
484,120819486,23001900245424,2,00178047,Carter Lake Reservoir,4.533,10190006000870,390,39009,1019,NW,NA,station,CL-DAM2,CarterLakeDam#2,NA,NA,"manually added, estimated",55,40.3404,-105.2072
485,120819486,23001900245424,2,00178047,Carter Lake Reservoir,4.533,10190006000870,390,39009,1019,NW,NA,station,CL-DAM3,CarterLakeDam#3,NA,NA,"manually added, estimated",68,40.3511,-105.2116
486,128076370,23001900243024,2,00177416,Horsetooth Reservoir,7.355,10190007002437,390,39009,1019,NW,NA,station,HT-DIX,HorsetoothReservoiratDixonCanyonDam,N,East,NA,206,40.5543,-105.1506
487,128076370,23001900243024,2,00177416,Horsetooth Reservoir,7.355,10190007002437,390,39009,1019,NW,NA,station,HT-SOL,HorsetoothReservoiratSoldierCanyonDam,N,East,NA,205,40.5888,-105.1649
488,128076370,23001900243024,2,00177416,Horsetooth Reservoir,7.355,10190007002437,390,39009,1019,NW,NA,station,HT-SPR,HorsetoothReservoiratSpringCanyonDam,N,East,NA,224,40.5292,-105.1456
489,NA,NA,NA,NA,NA,NA,NA,NA,NA,NA,ROSS,NA,station,PTRR,Peterson Reservoir,NA,NA,Moving to match location during low periods,0,40.557137,-105.7923886
490,128075859,23001900233302,2,00177279,Barnes Meadow Reservoir,0.404,10190007002370,390,39004,1019,"CLP, ROSS",NA,station,BRNR,Barnes Meadow Reservoir,NA,NA,Sampling location moved due to access issues,41,40.6001799,-105.8350026
491,128076272,23001900246407,2,00202444,Long Draw Reservoir,1.37363516,10190007002472,390,39009,1019,"CLP, ROSS",NA,station,LNGR,Long Draw Reservoir,NA,NA,Moving to match location during low periods,166,40.5011373,-105.774453
492,128075848,23001900232881,2,00198413,Chambers Lake,0.98574753,10190007025486,390,39009,1019,"CLP, ROSS",NA,station,CBRR,Chambers Lake,NA,NA,NA,54,40.6035,-105.8459
493,NA,NA,NA,NA,NA,NA,NA,NA,NA,NA,ROSS,NA,station,JOER,Joe Wright Reservoir,NA,NA,Moving to match location during low periods,70,40.5558912,-105.8760268
494,128075965,23001900256281,2,00177296,Comanche Reservoir,0.452,10190007002393,390,39004,1019,"CLP, ROSS",NA,station,COMR,Comanche Reservoir,NA,NA,Moving to match location during low periods,35,40.58479,-105.6507539
495,128075977,23001900249983,2,00177295,Hourglass Reservoir,0.261,10190007002399,390,39004,1019,"CLP, ROSS",NA,station,HORR,Hourglass Reservoir,NA,NA,Moving to match location during low periods,61,40.581472,-105.632306
